"created_at","full_text","id","user/created_at","user/name"
"2023-04-29T08:16:38.000Z","Akhirnya Jokowi izinkan ekspor konsentrat Freeport.
.
Sudah kuduga.
Tabrak UU. Kalah dilobi pengusaha.
.
Bisa jadi Pintu masuk pemakzulan.
.
â¦@PKSejahteraâ© â¦@FPKSDPRRIâ©  https://t.co/wz862rEF7J","1652225363064528897","2017-12-09T03:06:22.000Z","Mulyanto"
"2023-04-28T03:28:17.000Z","China lagi. China lagi.

Makelarnya, dia lagi. Dia lagi.
https://t.co/Ck6S4rgc82","1651790412494016512","2022-03-13T01:43:06.000Z","Dokter Tifa"
"2023-04-24T02:51:50.000Z","Ratusan ""manusia"" turun di bandara Halim, lgs  masuk Kereta Cepat, turunkan di  titik2  yg dilewati, mentok di Padalarang. Sebar di sana, bikinin KTP, beranak pinak.

Stlh 10 tahun, orang Indo IQ 78 trs aja melongo2 sambil nungguin  IKN yg ga jadi2. 

https://t.co/MGmoPPn6l0","1650331686465605633","2022-03-13T01:43:06.000Z","Dokter Tifa"
"2023-04-24T01:32:56.000Z","Tidak adakah  yg  terpikir kenapa 
Pembangunan masif dan gila2an arah Jakarta - Jabar?

Trayek Kereta Cepat ke Padalarang?
Tol  Cisumdawu 1 -2- 3 ke Sumedang?
Bandara Kertajati di Majalengka?

Belum lagi reklamasi 17 pulau Utara Jakarta-Banten.

Hipnotis semua pikiran  ke IKN.","1650311833067352064","2022-03-13T01:43:06.000Z","Dokter Tifa"
"2023-04-30T01:06:52.000Z","Proyek Radikal Radikul Untuk Mengatasi isu:
1. 349 T di @KemenkeuRI 
2. Bandara Yang Jadi Tempat Foto Prawedding
3. Kereta Cepat Yang Gunakan APBN
4. Bangun Infrastruktur Untuk Ajang Korupsi
5. IKN Yang Over Subscribe
6. Subsidi Es Doger 71 M
7. Mobil Super Sonic Esemka
8. DLL
ğŸ˜œ","1652479597123076101","2022-03-16T15:26:16.000Z","Nicho Silalahi"
"2023-04-14T10:56:14.000Z","Ini bisnis pribadi atas nama negara.
Dan rakyat seluruh Indonesia disuruh menanggung hutangnya sampai 7 turunan.

Itulah kenapa saya sangat menentang IKN, Karena jelas sama modusnya.
Sementara  kerugian negara dan rakyat  bakal 1.000 kali lebih parah.

https://t.co/J2pD0f7lRX","1646829713258848257","2022-03-13T01:43:06.000Z","Dokter Tifa"
"2023-04-13T02:49:12.000Z","Saya ngeri membayangkan, kengototan  pembangunan IKN ini krn iming2 setengah pemaksaan dari negara  yg kasih hutang dg bunga mencekik leher buat bikin Kereta cepat.

Bong, Bong kalian ini kapan sadarnya. 

https://t.co/qVkVj7B3a1","1646344757512392704","2022-03-13T01:43:06.000Z","Dokter Tifa"
"2023-04-12T23:49:23.000Z","Macet Jakarta?
Biasa saja ah. Sebagai warga KTP Jakarta asli, saya menilai macet Jakarta masih bisa ditoleransi. Ini krn mobilitas tinggi masyarakat jelang Lebaran saja. 

Bukan jadi alasan yg dibikin2 agar Ibukota pindah.

https://t.co/AFF9vDpwTv","1646299507188203520","2022-03-13T01:43:06.000Z","Dokter Tifa"
"2023-04-29T01:50:59.000Z","Jadi ingat ada yg ngomong OVERSUBSCRIBE &amp; Januari 2023 sudah ada gedung-gedung di IKN 
ğŸ˜ƒğŸ˜ƒğŸ¤­ğŸ¤­","1652128312590991363","2021-04-18T11:54:43.000Z","boediantara"
"2023-04-28T05:48:28.000Z","Posisi Utang Pemerintah per akhir Maret 2023: Rp7.879 Triliun. Utang bertambah pada periode 1999-2004: Rp359,5 T (38,2%); 2004-2009: Rp291 T (22,4%); 2009-2014: Rp1.018 T (64%); 2014-2019: Rp2.178 T (83,5%); 2019-Mar 2022: Rp3.092 T (64,6%). Masih akan bertambah hingga akhir 2024 https://t.co/LWs2BenLTO","1651825691317649408","2012-07-26T17:13:57.000Z","Awalil Rizky"
"2023-04-28T13:08:26.000Z","Yang replay kebanyakan para buzzerp bangsat...@KemenkesRI kelakuan kalian menjijikan...demi ambisimu sampai harus nyewa buzzerp....
Kami nggak akan diam...kami akan ""LAWAN""....","1651936410147110912","2019-07-20T22:32:12.000Z","ğ•›ğ• ğ•›ğ• "
"2023-04-28T10:54:23.000Z","Kasu 349 T masih misteri, Hilang sekejap tampa jejak. Uang dugaan money laundry kok dibiarkan begitu saja. Persoalan substansial ini kallian lupa? Jangan jadi netizen pelupa, ayo viralkan lagi. Kami dukung prof. @mohmahfudmd usut kembali.
Lanjutkan pak. https://t.co/Dw10G9Sl9C","1651902677390082049","2021-10-20T10:33:00.000Z","Timur Matahari"
"2023-04-28T02:42:07.000Z","Kalau liat kemajuan China bikin saya â€œketawa sendiriâ€ bukan mengejek tapi ketawa thdp kepintaran bangsa China. Jujur saja saya kasih Contoh.

BMW-Audi-Toyota buka pabrik full assembling di China dengan 100% pekerja China di pabrik2 asembling itu. Setelah 5 th pekerja gantiâ€¦","1651778792380329985","2011-02-15T04:15:35.000Z","Ronnie H. Rusli. MS. PhD."
"2023-03-29T07:02:09.000Z","Jelas, fixed, definitif jawaban @aniesbaswedan atas pembangunan IKN.

Dia akan dukung IKN, Krn katanya, itu adalah Undang-undang.

Dalam soal IKN dan Vaksin, ternyata

Anies = Jokowi.

So, 
Buciners and Hardcore  Anies, silakan komen. Ayo yg gentle, jangan melipir. https://t.co/jDGlPYHZ7W","1640972595226095616","2022-03-13T01:43:06.000Z","Dokter Tifa"
"2023-03-27T01:19:12.000Z","Baca tulisan ini baik2 dan seksama.
Seperti inilah modus pembangunan infrastruktur selama ini. 

Satu contoh kasus. Di antara puluhan mungkin ratusan mungkin ribuan kasus lainnya. 

https://t.co/1hpp0n8Sew","1640161516350738432","2022-03-13T01:43:06.000Z","Dokter Tifa"
"2023-03-27T01:15:30.000Z","Modus semua pembangunan infrastruktur selama 9 tahun ini jelas.

Bangun, ada fee.
Jual, fee lagi. 

It's all about Fee. 

Ngga ada hubungan dg kewajiban bayar utang. Utang kan yg bayar Rakyat.

https://t.co/gSaUsgtSWM","1640160584774844416","2022-03-13T01:43:06.000Z","Dokter Tifa"
"2023-03-20T13:52:21.000Z","Banjir noh IKN!

Sak karepmu, Mul.

Mulyono.

https://t.co/0vOu5PIbnl","1637814335824367617","2022-03-13T01:43:06.000Z","Dokter Tifa"
"2023-04-27T23:57:14.000Z","Pak @jokowi Kenapa Ucapanmu Ga Sesuai Dengan Kenyataan ?

Apa Bapak Ga Kaget Dengan Ocehan mu Beberapa Waktu Yang Lalu, Tapi Sekarang Kau Malah Sibuk Urusin Copra Copres Bukan Nyelesein Tera Skandal 349 T di @KemenkeuRI ?

Selanjutnya Dengar Ocehanmu 
ğŸ‘‡
https://t.co/h2uQtBSOyT","1651737300626448390","2022-03-16T15:26:16.000Z","Nicho Silalahi"
"2023-04-28T20:27:18.000Z","CNN 3/12/2022 Jokowi kaget kawasan inti IKN sdh ludes diborong Investor sampai Oversubscribed

Kep otorita IKN mau buka Kawasan IB dan IC buat Investor sesuai arahan Pres Jokowi (28/11)

28/04, Basuki, Investor IKN masih Nihil

Duhhâ€¦ini ngelindur atau kesurupan berjamaah sihğŸ¤¦ğŸ¼ https://t.co/9MJKlPJ0j9","1652046854916542464","2013-02-25T15:33:59.000Z","Call me SKğŸ"
"2023-03-17T22:55:08.000Z","Sebetulnya siapa  punya niat bikin IKN?
Bukannya kamu &amp; oligarki?

Bukan kami,  rakyat. 
Kami tdk  dilibatkan &amp; tdk ada hak pilih   Ibukota ttp Jakarta atau  kota lain. 

Doa2 saja sendiri. Kerja keras saja sendiri.
Kalian yg nikmati. Utang kami yg bayar.

https://t.co/fvSpWu5qqc","1636863766947323904","2022-03-13T01:43:06.000Z","Dokter Tifa"
"2023-03-15T07:39:12.000Z","Rugi kalau pakai yg lama, kan.
Ngga ada anggaran  proyek baru lagi soalnya.

Sirkuit yg lama bisa dijual buat bom bom car.

Negeri para bedebah.

https://t.co/ByBl83IZal","1635908490131832833","2022-03-13T01:43:06.000Z","Dokter Tifa"
"2023-03-13T22:53:08.000Z","Agar tahu kondisi riil pembangunan selama 9 tahun ini.

Jangankan Blora. Jalan2 bahkan  Jalan Tol saja boncel-boncel. 

https://t.co/HX28FlKjXC","1635413713959399424","2022-03-13T01:43:06.000Z","Dokter Tifa"
"2023-04-28T09:06:03.000Z","Peluang Bisnislah. Bisa nggandeng investor. Industri per fileman hidup. Produksi artis pendatang baru terus berjalan. Pajak masuk. Bisnis martabak dan frozen food yang sudah berjalan bisa terus ditingkatkan.","1651875411838763010","2013-02-25T15:33:59.000Z","Call me SKğŸ"
"2023-04-28T06:23:40.000Z","RT @Catatan_ali7: SELAIN JALAN RUSAK DAN HANCUR ANGKA KEMISKINAN DI KLATEN JAWA TENGAH JUGA TINGGI

Jujur Gua Berharap KLATEN Mendapat SOROâ€¦","1651834546965594112","2013-02-25T15:33:59.000Z","Call me SKğŸ"
"2023-03-03T09:28:12.000Z","@HdNchannel Hoffen wir, dass es nicht dazu kommt","1631587268837376006","2022-03-13T01:43:06.000Z","Dokter Tifa"
"2023-03-03T09:21:26.000Z","Termasuk tas dan sandal branded super mahal  yg sering dipakai nyonya, anak, menantu

Juga honeymoon anak  ke Eropa yg dikawal Paspamres, yg dipamerin setiap hari di sosmed sampai bikin mual yg lihat.

Itu termasuk yg bikin kesal Bapak, ngga?

https://t.co/ED8jrgqlsI","1631585565450854400","2022-03-13T01:43:06.000Z","Dokter Tifa"
"2023-03-03T06:41:45.000Z","@sri_bunawi apa boleh buat","1631545380252037120","2022-03-13T01:43:06.000Z","Dokter Tifa"
"2023-03-03T06:40:29.000Z","@meghanaiwawai Ya, yang saya tulis itu.","1631545061094866947","2022-03-13T01:43:06.000Z","Dokter Tifa"
"2023-03-03T04:38:17.000Z","@KangTaupik Science itu Prediksi, berbasis Akal, Budi, dan Empiri, bukan ramalan. Ramalan itu Tathayyur,  tidak dibenarkan dalam Islam.","1631514307627462656","2022-03-13T01:43:06.000Z","Dokter Tifa"
"2023-03-02T23:58:49.000Z","Pertanyaan

1) KL netizen viralkan lalu dituduh langgar UU ITE atau pencemaran nama baik, atau diancam mau dibunuh atau diteror, apa yg dilakukan KPK?

2) KPK mau kasih kompensasi apa sama Netizen yg berburu Pejabat Korup? Gaji? Ucapan terimakasih?

https://t.co/cAjmMt92Sv","1631443975222730753","2022-03-13T01:43:06.000Z","Dokter Tifa"
"2023-03-02T11:39:35.000Z","PEMILU JAKARTA DITUNDA SD 2025.

Selanjutnya kita tinggal tunggu Pemilu Presiden ditunda.

Skenario sedang  dijalankan. 

Dan rakyat cuma bisa melongo-longo. Paling cuma berani ngumpat dan maki2 di medsos doang.

https://t.co/TIOTLuuaCp","1631257941440614401","2022-03-13T01:43:06.000Z","Dokter Tifa"
"2023-03-02T09:46:56.000Z","Kesambet apa Pak Gubernur NTT ini?

Jam 5  pagi anak2   sekolah.
Bgmn  transportasinya?  Murid2 banyak tinggal di gunung, desa2.

Blm soal keamanan. Mrk hrs  pergi  jam 4 msh gelap, kl ada begal, binatang buas, dll

Lg mau Caper  ama siapa pak Gub ini? 

https://t.co/reKokOF6oZ","1631229594505457667","2022-03-13T01:43:06.000Z","Dokter Tifa"
"2023-03-01T11:26:57.000Z","Project spt ini yg  jadi pengorbanan Rakyat Kalimantan yg tdk mrk ketahui.

Penenggelaman desa2 utk bendungan baru salah satu dr  salah banyak berikutnya.

Blm  ladang2 utk  pemukiman pendatang yg, percayalah, akan jd  penduduk terbanyak Ibukota baru.

https://t.co/VROvQaLhdG","1630892374779133952","2022-03-13T01:43:06.000Z","Dokter Tifa"
"2023-03-01T05:38:29.000Z","@EB97280734 Kalau betul pindah, ya pasti. Suku Dayak hrs siap mental, nasib akan spt Suku Betawi, Aborigin, juga Indian.
Bagaimana penduduk asli sll tersisih bila kawasannya diambil dan dikuasai atas nama kemajuan. 

Orang kaya di Jakarta, hampir semua pendatang.","1630804680065552384","2022-03-13T01:43:06.000Z","Dokter Tifa"
"2023-03-01T02:17:45.000Z","@tovic09 Brainwash Barat. Manusia bukan dari kera. Totally fraud.","1630754163432001542","2022-03-13T01:43:06.000Z","Dokter Tifa"
"2023-03-01T02:12:48.000Z","Siapa rakyat yg ingin Ibukota pindah?

Ga ada!

Kecuali gerombolan penjilat.

Kl rakyat Kalimantan pikir  Ibukota pindah itu wujud  pemerataan

Maka rakyat Sulawesi, Maluku, Papua, Bali, Sumatera akan menuntut hal yg sama.

Jakarta, adil buat semuanya. 

https://t.co/qld3yEcpkm","1630752917765640192","2022-03-13T01:43:06.000Z","Dokter Tifa"
"2023-02-25T23:02:10.000Z","OK! Jadi yg punya gagasan bukan Bapak @jokowi tp Bung Karno.

Jd  nanti gagal atau berhasil bangun IKN tgjawab  Bung Karno ya bukan  Jokowi. Oke oke. 

Etapi kan Bung Karno maunya Palangkaraya?

Kenapa jd  ke Penajam, Pak? Berarti ini gagasan siapa lagi? 

https://t.co/1YxyB7d1iI","1629617783133835264","2022-03-13T01:43:06.000Z","Dokter Tifa"
"2023-02-20T02:05:34.000Z","Nah, sekarang saya mau bilang sama Rakyat.

Rakyat,

Siapapun Presiden

IKN akan lanjut. Akan jadi. Jadi.

Tugas Presiden berikutnya, siapapun dia, tugas dari Oligarki, Oligarki A or P or G, 

adl menjadikan IKN itu jadi.

Walau nanti akan jd  sarang demit tapi tetap akan jadi.","1627489607523913728","2022-03-13T01:43:06.000Z","Dokter Tifa"
"2023-02-19T07:09:09.000Z","IKN. Wow!

tapi pencetusnya tetap pengen tinggal di Colomadu, Karanganyar.

tugas menghalu sudah selesai. https://t.co/XaLF6R753E","1627203618247176192","2022-03-13T01:43:06.000Z","Dokter Tifa"
"2023-02-19T03:58:43.000Z","Setelah keluarkan kebijakan 3 anak, skrg China keluarkan  tanpa pasangan boleh punya anak.

Sepertinya mrk semangat menambah jml Penduduk. 

Krn ada satu Koloni seluas 1,9 juta km2  lengkap dg Ibukota Baru,  buat  200 juta penduduk baru mrk.

https://t.co/iCkR7WuA0x","1627155693542457344","2022-03-13T01:43:06.000Z","Dokter Tifa"
"2023-02-19T01:21:43.000Z","Memakmurkan daerah bukan dg menjadikan daerah itu Ibukota.

Kalau begitu, Jayapura, Palu, Ambon, Mataram, Padang dll bisa menuntut utk jadi Ibukota juga.

Memakmurkan rakyat itu dg memberi mereka  Keadilan.

https://t.co/8hUXdtoeCI","1627116183978917889","2022-03-13T01:43:06.000Z","Dokter Tifa"
"2023-02-18T05:32:05.000Z","@MgmPtmgm Umbi2an, sagu, pisang, kelapa, sukun, dan labu.","1626816803056807936","2022-03-13T01:43:06.000Z","Dokter Tifa"
"2023-02-18T05:31:28.000Z","@himawan5000 Boleh","1626816647557447683","2022-03-13T01:43:06.000Z","Dokter Tifa"
"2023-02-18T03:27:58.000Z","@nindahap Kerjasama dg lingkungan. Bisa tanam di pinggir2 jalan dan lahan2 kosong.","1626785570075873280","2022-03-13T01:43:06.000Z","Dokter Tifa"
"2023-02-17T23:37:35.000Z","Tanam  tanaman yg bisa kurangi belanja spt

Umbi2an &amp; singkong, bs dimakan umbi &amp; daunnya, jd pengganti nasi

Sayur2an pagar shg tdk perlu pupuk &amp; pestisida

Buah2 wajib ada  mudah tanam &amp;  tahan hama: pepaya pisang kelapa

Cabe tomat rempah2   bisa tanam di pot

Penghematan 30%.","1626727590865309696","2022-03-13T01:43:06.000Z","Dokter Tifa"
"2023-02-17T23:37:34.000Z","Sebaiknya kita bersiap2.

Saya Kampanyekan Makan Satu Kali Sehari (untuk dewasa) dan Dua kali sehari (untuk anak)

InsyaAllah  belanja berkurang 40%.

https://t.co/AwyXxPFUrg","1626727588210302977","2022-03-13T01:43:06.000Z","Dokter Tifa"
"2023-02-11T01:32:33.000Z","Mereka mau ambil pulau itu, dan kalian diberi permen sbg gantinya.

Permen itu namanya: IKN.  Tahun2  ke depan, kalian akan lihat pembangunan gila2an. Yg membuat kalian ternganga.

Tanpa kalian tahu, apa sebenarnya yg terjadi di sebaliknya. 

Semoga Allah menjaga pulau itu.","1624219809977348097","2022-03-13T01:43:06.000Z","Dokter Tifa"
"2023-02-11T01:32:33.000Z","Dahulu,  ribuan thn lalu, ada negara kayaraya,  damai, makmur sejahtera. Namanya negara  Balqis, Bulukis, Bolkia.

Negeri di pulau yg aman, Negeri fisika metafisika,  Negeri 8 dimensi. 

Raja Brunei Darusalam, gunakannya sbg  gelar:

Sultan Hasan al Bolkia.  Hasan dari Bolkia.","1624219808131878912","2022-03-13T01:43:06.000Z","Dokter Tifa"
"2023-02-11T00:22:32.000Z","@AkunGra01642733 @jokowi Semua sama saja, insyaAllah 2029 nanti ada pilihan yg layak.","1624202186971574272","2022-03-13T01:43:06.000Z","Dokter Tifa"
"2023-04-29T03:33:59.000Z","Jika yang beda dapat membuatmu melesat maju, mengapa mencari yang sama tapi membuatmu mundur.?

.","1652154233125498883","2015-04-28T07:40:32.000Z","Helmi Felis"
"2023-04-29T03:31:22.000Z","@UjangSyahroni Semoga mimpi yang menjadi kenyataan ğŸ¤²ğŸ¼","1652153573474725888","2015-04-28T07:40:32.000Z","Helmi Felis"
"2023-04-29T03:29:40.000Z","Petugas Partai PDIP berkuasa selama 2 Periode, faktanya gagal

Bahkan Indonesia makin terpuruk &amp; di ujung kehancuran total akibat hutang yang tidak prudent

Belum soal Politik, Hukum, Ekonomi yang buruk sekali

Dengan kondisi itu apa perlu periode 3 Petugas Partai? Coba pikir

.","1652153145529888770","2015-04-28T07:40:32.000Z","Helmi Felis"
"2023-04-27T23:06:13.000Z","Kutukan Akibat Menggebrak Meja Podium ğŸ˜´

&gt;&gt;Dulu
Meninggalkan pendukung tenggelam

&gt;&gt;Lalu
Timbul utk jabatan Menhan
Merangkul Ferdinand
Memeluk Abu Janda
Mengidolakan Jokowi

&gt;&gt;Kini
Ditendang Mega
Diberi Jokowi harapan palsu
Ditinggalkan Sandiaga https://t.co/F6akyOWTad","1651724460754604033","2010-12-16T14:43:05.000Z","Lukman Simandjuntak"
"2023-04-27T18:36:12.000Z","seorang petugas partai sejatinya adalah pesuruh partai, yang bekerja demi partai, bukan demi bangsa dan negara

jangan sampai bangsa ini kelak dipimpin oleh jongos partai ataupun kacung oligarki

T O L A K . . . ! ! !

https://t.co/7RLK6rk5Yb","1651656509997355008","2019-06-12T23:25:44.000Z","Í”"
"2023-04-26T23:18:26.000Z","Keagresifan @jokowi Menjadikan @ganjarpranowo Sebagai Penggantinya, sama Artinya Kepala Negara Telah Hilang dan Yang Tersisa Hanyalah Petugas Partai, Tolol Aja Parlemen Kita Jika Terus Membiarkan Kekosongan Kepemimpinan Nasional, Dia Harus Segera Di Makzulkan, Ia Ga Sih ? https://t.co/rfEu2IZyZZ","1651365147301257216","2022-03-16T15:26:16.000Z","Nicho Silalahi"
"2023-04-27T01:40:47.000Z","@dapitnih @QiuQiu_Official Dan herannya mereka ngga sadar-sadar
Karena kebencian","1651400969379528704","2021-04-18T11:54:43.000Z","boediantara"
"2023-04-27T01:34:19.000Z","@shasimi99 @dapitnih Sekali baca ngawur ngotot katanya embat apbd dan ngomong hasilnya ngga ada...
Fixed referensinya buzzerp...
Blok","1651399343591813120","2021-04-18T11:54:43.000Z","boediantara"
"2023-04-27T00:08:53.000Z","Tantangan ke depan semakin berat. Gak kebayang negara sebesar ini dipimpin oleh orang yg penuh gimmick macam Ganjar. Bakalan makin suram, kalau tidak bubar. Cuma karena kepentingan Jokowi CS yg butuh orang untuk melindunginya secara total saat tidak menjabat lagi.","1651377844377776129","2017-09-13T09:23:25.000Z","ï¸ï¸ï¸ï¸ ï¸ï¸ï¸ï¸ï¸ï¸ï¸ï¸"
"2023-04-26T15:14:43.000Z","Temen gua yg tiap hari teriak-teriak NKRI harga mati, baru kemaren japri mau pinjam duit!
Dia bilang, ""mobilnya baru ditarik leasing dan udah 3 hari ngumpet dirumah mertua nya gegara gak tahan dikejar pinjol!"" 
Temen lu atau temen gua yg makmur @Dennysiregar7 ? 
ğŸ¤£ğŸ¤£ğŸ¤£ğŸ¸ğŸ”¨ https://t.co/400cZ5tTCe","1651243413608763392","2023-02-06T06:39:50.000Z","B0zzVanc1"
"2023-04-27T00:07:38.000Z","Hirukpikuk yg dia ciptakan dengan ribut menyiapkan penggantinya ...telah menghilangkan hirukpikuk : 
Skandal 349 T
Jeratan kereta cepat
Gegagalan IKN 
Hutang yg semakin meroket ...
... https://t.co/KdoR1DBv5s","1651377527510941697","2021-04-18T11:54:43.000Z","boediantara"
"2023-01-25T23:03:47.000Z","Jalan biasa berbayar.
Ongkos haji naik 50%
APBN 70% dr penerimaan pajak.

Indikasi negara kehabisan uang sdh seterang matahari siang hari.","1618384162003783681","2022-03-13T01:43:06.000Z","Dokter Tifa"
"2023-01-22T10:50:38.000Z","Ayo netizen Indonesia check data ini. 
Benar apa tidak.
Silakan pikir dan renungkan. Kemana Indonesia ini mau dibawa.

Hutang sebesar ini anak cucu kalian mau bayar pakai apa. https://t.co/qXfB9FvA5c","1617112499085783042","2022-03-13T01:43:06.000Z","Dokter Tifa"
"2023-01-22T10:40:21.000Z","Sudah tahu mau resesi dunia.
Sudah ngomong sendiri pula kita semua harus waspada.

Utang sekarang sudah tembus Rp 7.733,99 Triliun.
Mau bilang tidak  kena resesi dari mana dg utang sebesar itu? 

Dan
Mau cari utangan dari mana utk bikin IKN?

https://t.co/iRVvTydBV9","1617109909388292097","2022-03-13T01:43:06.000Z","Dokter Tifa"
"2023-01-22T08:11:45.000Z","Saya sekali lg minta  Presiden Jokowi utk realistis.

Dunia dilanda Mega Resesi thn  2023, termsk Indonesia.

Hutang Pemerintah RI tembus Rp 7.733,9 Triliun, tertinggi dlm sejarah.

Pindahnya Ibukota, selain tidak penting, jg tdk mendesak. 

https://t.co/sPQrJ2X46D","1617072511598092288","2022-03-13T01:43:06.000Z","Dokter Tifa"
"2023-01-15T22:03:59.000Z","Pak Jokowi, abis dari GI,  nyebrang ke  PI,  lalu  PIM 1, 2, 3 terus ke Gancit, Sency, PP

Ekonomi Horang Kayah memang makin meroket, kok. 

Lanjutkan halunya. 

https://t.co/ep6dbRVs98","1614745237683081216","2022-03-13T01:43:06.000Z","Dokter Tifa"
"2023-01-15T01:09:18.000Z","Negara ini rusak, karena:

1) Orang rakus yg tdk kenal kata puas

2) Orang yg tdk mau belajar shg abai dg keadaan

3) Orang pandai tetapi diam, krn mau aman.","1614429482898821120","2022-03-13T01:43:06.000Z","Dokter Tifa"
"2023-01-14T22:28:25.000Z","Sudah tahu keadaan Indonesia genting. Bicara soal itu juga sdh bolak-balik. Tapi masih mimpi aja bangun kota metaverse, kereta cepat segala macam.

Bangun dong. Dengerin omongannya sendiri.

Cek harga di pasar. Ngeri. 

https://t.co/tqVMRPitxk","1614388995714330624","2022-03-13T01:43:06.000Z","Dokter Tifa"
"2023-01-14T13:29:01.000Z","Rencananya demikian.
Tetapi alam selalu punya rencananya sendiri.

Karena itu dlm soal Cuaca ini,
Antara yg direncanakan  dg rencana alam, kadang tdk sinkron.

Jadi, 2023 adalah Global Weirdness Weather. 
Cuaca Global yg serba aneh. 

So be prepare ya.

https://t.co/eUn8zRZgux","1614253254283792384","2022-03-13T01:43:06.000Z","Dokter Tifa"
"2023-01-14T07:34:07.000Z","Pak Jokowi kalau mau lihat kondisi riil ekonomi, jangan ke Kokas dong, itu tempat pertemuan orang Jaksel, Jaktim, dan Bekasi yg mmg rame banget. 

Datang dong ke Plasem, Plasen, Ratuplaz, Blok M Plaz, Mangdu, ITC2.

Nah disitu  lihat kondisi riil ekonomi.

https://t.co/S4sSnPiE0y","1614163938580758530","2022-03-13T01:43:06.000Z","Dokter Tifa"
"2023-01-14T02:19:01.000Z","Kalau abis stress, mmg paling enak nge-Mall.

Cuma kenapa 2 jam sih kayak Ibuk2 arisan?

Saya kl ke Kokas, beli sepatu,ga lebih dr 30 mnt,  kelar, cabut. Kerjaan numpuk. 

Ngga betah berlama2 di Mall. Berasa pengangguran aja sih kalau lama2.

https://t.co/90dPlsTqA1","1614084642931625987","2022-03-13T01:43:06.000Z","Dokter Tifa"
"2023-01-14T00:10:49.000Z","Dan satu hal yang saya kagumi dari beliau: tak pernah gentar menghadapi lawan,  tdk pernah khawatir dg pengkhianatan.

Dan tidak pernah kecewa atau jerih, dg kegagalan2 yg dialami.

Dia tahu, di sekitarnya banyak Brutus. 
Itulah dunia politik.

Kejam, brutal, kanibal.","1614052380722728967","2022-03-13T01:43:06.000Z","Dokter Tifa"
"2023-04-25T02:49:08.000Z","Jika shalat ini sah-sah saja, tata cara shalatnya diajarkan oleh siapa? https://t.co/Pe5p64aQP0","1650693396439396354","2013-02-25T15:33:59.000Z","Call me SKğŸ"
"2023-04-25T01:56:31.000Z","@PabloHerlambang Ya setuju !
Atau; sombong sama pembual itu, pahala.","1650680153725603843","2013-02-25T15:33:59.000Z","Call me SKğŸ"
"2023-04-25T01:55:01.000Z","@AriefMa60533112 Iya betul. Karna NKRI ini diperjuangkan dan dibangun oleh orang2 ASLI yang cerdik dan cendikia.","1650679776276021249","2013-02-25T15:33:59.000Z","Call me SKğŸ"
"2023-04-25T01:52:19.000Z","@Riez_1 Hancurkan di 2024","1650679098950455305","2013-02-25T15:33:59.000Z","Call me SKğŸ"
"2023-04-28T14:35:39.000Z","@imanaja2000 Yang sebut ayat Ahok, mayat juga sudah dikubur, masalahnya dimana.? ğŸ˜…ğŸ˜…ğŸ˜…","1651958360114352128","2015-04-28T07:40:32.000Z","Helmi Felis"
"2023-04-28T14:34:07.000Z","@triewahyu38 Ya akun palsunya... Udahlah pake cara begini, kalian biadab memang, ahli fitnah...","1651957975161135105","2015-04-28T07:40:32.000Z","Helmi Felis"
"2023-04-26T14:16:40.000Z","@Tan_Mar3M ğŸ˜ƒğŸ¤­ https://t.co/qec49SOTQa","1651228804864520194","2021-04-18T11:54:43.000Z","boediantara"
"2023-04-26T13:20:27.000Z","@Tan_Mar3M Masih sarapan angka surpay surpay juga","1651214658983055360","2021-04-18T11:54:43.000Z","boediantara"
"2023-04-26T13:17:12.000Z","@Tan_Mar3M Ojo dibanding-bandingke https://t.co/Z73XirWjVI","1651213841307664385","2021-04-18T11:54:43.000Z","boediantara"
"2023-04-26T12:13:02.000Z","Selesai dipukuli, Ken Admiral disuruh AKBP Achiruddin makan nasi goreng (masih kondisi di bawah todongan senjata), terus dikasih uang 1 juta. AKBP Achiruddin bilang moment itu tanda Ken dan Aditya berdamai.
Ini bantahan keluarga Ken soal kedua pihak berdamai.
ğŸ¥ By @tvOneNews https://t.co/yKLXq5Ox1d","1651197692562018304","2020-02-08T07:04:04.000Z","Mazzini"
"2023-04-28T14:32:56.000Z","@Sabillah2002 Apa yang membuat orang Demo berjilid.? Dimana akar masalahnya? Coba fair, orang itu dimana-mana bawa masalah

Bahkan berbohong bahwa tuhannya qkan memenangkan dia, faktanya justru di penjara ğŸ¤·ğŸ»â€â™‚ï¸

Bisa berpikir adil.? ğŸ¤·ğŸ»â€â™‚ï¸

.","1651957675855609856","2015-04-28T07:40:32.000Z","Helmi Felis"
"2023-04-26T09:13:48.000Z","Lucu juga Bung Pramono Anung, jika benar Pramono Anung bilang SBY harus netral, justru yang harus netral itu adalah Jokowi yang masih Jabat Presiden yang mestinya jelang akhir jabatannya rampungkan utang yg menggunung,KA Cepat Jkt-Bdg dll.bukan politisasi https://t.co/5X1mfGmtMz","1651152588107288576","2022-03-16T10:29:51.000Z","Eks Jurnalis Senior"
"2023-04-26T10:07:59.000Z","Emangnya masih ada yg akan pilih Partai ini ?","1651166223063977984","2019-04-16T03:17:01.000Z","Muhammad Said Didu"
"2023-04-26T10:01:53.000Z","Hanya demi Kekuasaan dan jabatan tidak malu mempertontonkan sikap &amp; perilaku kalian seperti ini | Benar-benar Memalukan dan Memuakkan.","1651164690054266880","2011-10-09T16:11:10.000Z","#RezimGaduh"
"2023-01-14T00:10:49.000Z","Sebuah organisasi, di dalamnya ada  orang kasak-kusuk, atau scr gamblang membangkangdan bertindak   di luar aturan Ketua Umumnya, jelas  orang2 itu adl pengkhianat.

Ibu itu sudah kenyang pengkhianatan, Jadi apapun yg dia katakan &amp;  dia lakukan, sebenarnya sudah terukur.","1614052379107917825","2022-03-13T01:43:06.000Z","Dokter Tifa"
"2023-01-13T03:34:18.000Z","Mungkin hanya Bu Mega yg bisa memaksa petugas partai tunjukin ijazah asli. 

Coba kita minta Bu Mega meroasting...eh menanyakan soal ijazah ini kpd ybs. https://t.co/D2zy8hFnMM","1613741200506519555","2022-03-13T01:43:06.000Z","Dokter Tifa"
"2023-01-12T22:01:19.000Z","Selama tiga hari ini pidato dikomentari macam-ragam.

Satu hal, ternyata  buzzer pun tersinggung dg isi pidato Ibu ini, ketika orang nomor satu di republik, di tangan Ibu ini digiling jadi perkedel.

Jadi, buzzer itu yg kasi makan siapa ya?

https://t.co/QouBryeafm","1613657401332490244","2022-03-13T01:43:06.000Z","Dokter Tifa"
"2023-01-10T02:49:34.000Z","Pak, 
Solusi utk  gajah2  ini bukan cuma diberi terowongan agar mrk  bisa jalan2. 

Ttp habitat mrk  rusak krn kepentingan jalan tol. 76 ekor gajah ini tak akan  mungkin bertahan.

Saran, sgr  relokasi gajah2 ini ke pulau kosong, ubah jadi konservasi. 
  
https://t.co/a2b2IsBGqq","1612642780022702080","2022-03-13T01:43:06.000Z","Dokter Tifa"
"2023-01-09T00:49:07.000Z","Thn 2016 masa Jokowi, Reklamasi Jakarta diklaim peruntukannya sbg Pusat Pemerintahan.

Thn 2019, msh masa Jokowi, tiba2 Pusat Pemerintahan Indonesia mau dipindah entah dimana itu.

Pertanyaan: Rencana 2016 itu mau bangun Pusat Pemerintahan negara mana?

https://t.co/pg4RkamQbr","1612250077594292224","2022-03-13T01:43:06.000Z","Dokter Tifa"
"2023-01-08T08:19:04.000Z","Hihihoho

Lucunya orisinil. https://t.co/X7tvmU3z5U","1612000925283127298","2022-03-13T01:43:06.000Z","Dokter Tifa"
"2023-01-08T03:17:19.000Z","@Myarm_1 indeed","1611924986926870528","2022-03-13T01:43:06.000Z","Dokter Tifa"
"2023-01-07T23:41:31.000Z","Sementara IKN termehek2 cari Investor, 

Pulau Reklamasi The New Jakarta City, kebanjiran Investor.

Investor tahu kota mana yg menguntungkan utk terus dibangun &amp; dimekarkan.

Kalau kota ini bakal  tenggelam, tdk mungkin Investor mau  uangnya tenggelam.

https://t.co/VLi5iy2Nph","1611870676599865344","2022-03-13T01:43:06.000Z","Dokter Tifa"
"2023-01-07T23:31:40.000Z","Kebutuhan dana IKN Rp 466 T, itupun kl tidak bengkak spt KCIC.

20% dari APBN, dan pasti nambah 

Pemerintah thn 2023 ini genjot pemasukan dana utk APBN, dg proyeksi 70% dana APBN berasal dari pajak yg dibayar rakyat.

Siap-siap kalian jadi sapi perah. 

https://t.co/L6DsY0l2G0","1611868197510344704","2022-03-13T01:43:06.000Z","Dokter Tifa"
"2023-01-06T23:50:46.000Z","Sampai hari ini blm ada satupun Investor yg tertarik dg ide IKN.

Sementara rakyat saat ini harus dibantu betul untuk bisa segera pulih dari kehancuran akibat Pandemi.

Bisakah Pemerintah berpikir  utk tahan diri dan fokus dulu ke rakyat?

https://t.co/gnItdqjrZ1","1611510618590425088","2022-03-13T01:43:06.000Z","Dokter Tifa"
"2023-01-06T23:04:01.000Z","Dampak Pasca Pandemi  luarbiasa. Banyak sekali  yg hrs dibenahi.

Tdk cukup kelilingan  ke pasar &amp; mal tanpa masker utk tunjukkan Pandemi sdh selesai.

Pemerintah tambah utang lagi tanda  situasi berantakan. 

Wake up Pemerintah, jangan kebanyakan halu.

https://t.co/wTaVdQKkTK","1611498853701943297","2022-03-13T01:43:06.000Z","Dokter Tifa"
"2023-01-06T09:06:42.000Z","Siapa yang meragukan Kecerdasan Soekarno dan Soeharto?

Mereka berdua pernah ingin Ibukota pindah. 

Tetapi tidak jadi. Karena.....

Hanya Presiden cerdas yang  tahu, Jakarta kota yg sangat hebat dan ideal untuk tetap jadi Ibukota Indonesia.","1611288134687551489","2022-03-13T01:43:06.000Z","Dokter Tifa"
"2023-01-06T09:06:41.000Z","Soekarno ingin  pindahkan  Ibukota dr Jakarta ke Palangkaraya. 
Smp 20 thn jadi Presiden, tidak jadi.
Kenapa? Krn beliau cerdas.

Soeharto ingin pindahkan Ibukota dr Jakarta ke Jonggol.
Smp 32 thn jadi Presiden, tidak jadi juga.

Kenapa? Karena beliau super cerdas.","1611288132724588544","2022-03-13T01:43:06.000Z","Dokter Tifa"
"2023-01-06T09:00:04.000Z","@maswuranto Pelabuhan untuk angkut kayu tebangan milik PT.

Bandingkan dengan Pelabuhan Tanjung Priok. Adoh.","1611286467950804994","2022-03-13T01:43:06.000Z","Dokter Tifa"
"2023-01-06T03:55:00.000Z","Judulnya typo. 3033.

https://t.co/6ld33Q7QsL","1611209693581709313","2022-03-13T01:43:06.000Z","Dokter Tifa"
"2023-01-05T23:18:59.000Z","The New Jakarta City

Tentu saja Para Investor  dunia  bersemangat untuk berinvestasi ke Jakarta Baru, 17 Pulau Reklamasi, dibandingkan Investasi ke Hutan Belantara.

Jelas pembangunan di Pantai Utara Jakarta ini sangat menguntungkan.

Seruput #EsTeh

https://t.co/AVsaN6UW4k","1611140230941388800","2022-03-13T01:43:06.000Z","Dokter Tifa"
"2023-01-05T11:12:47.000Z","Negara ini  beruntung, punya Ibukota  berbatasan langsung dg lautan, letak Ibukota yg sangat ideal.
 
Krn itu Pem. Hindia Belanda waktu itu pindahkan Ibukota dr Ambon ke Batavia. 

Hanya orang bodoh  yg pindahkah Ibukota Negara Kepulauan ke hutan belantara yg jauh dari laut lepas","1610957477583138816","2022-03-13T01:43:06.000Z","Dokter Tifa"
"2023-01-05T06:17:33.000Z","Maka saya tinggal bilang:

""Oh I see, I know what's going on""

Hei Rakyat Indonesia, lihatlah jauh ke IKN sana. Sirkusnya ada di sana. Pertunjukan Badut  dan segala macam. 

Maka mata anda tidak mampu melihat apa yang sedang  terjadi di pelupuk mata.","1610883178885152773","2022-03-13T01:43:06.000Z","Dokter Tifa"
"2023-01-05T06:17:32.000Z","Saya mengamati  pembangunan  17 Pulau Reklamasi, luasnya melebar  dari DKI Jakarta, Banten, sd Jawa Barat bag utara.

Sepanjang itu pula jalur  KCIC - Kereta Cepat Indonesia China

Dan di ujungnya ada Bandara Kertajati

yg sementara terlihat mangkrak.

https://t.co/wjyIbcc40i","1610883176670560256","2022-03-13T01:43:06.000Z","Dokter Tifa"
"2023-04-24T23:02:43.000Z","Saat itu di tahun 2013. 

Pesan sy 2023 ;
NKRI dibangun dan diperjuangkan oleh para intlektual yg berintegritas. Mari kita jaga dan kawal dari perilaku KKN, Hukum tajam ke lawan, suap-menyuap di lembaga peradilan, dan dari kepalsuan/pencitraan palsu yang merusak jati diri Bangsa. https://t.co/W8Wv8ZF38g","1650636416312029184","2013-02-25T15:33:59.000Z","Call me SKğŸ"
"2023-04-24T22:47:28.000Z","YM &amp;Terhormat, Prof Khairil Anwar Notodiputro @kh_notodiputro twet bapak ini tidak ilmiah, karna hanya menggunakan info sepihak dari pak @sigitwid. Kasihan UMKM dibunuh dengan tuduhan penipuan dan pencurian yg nyata tanpa putusan pengadilan inkrah. Mohon lebih bijak, prof, trims. https://t.co/JXJSJYl1FU","1650632575982116864","2013-02-25T15:33:59.000Z","Call me SKğŸ"
"2023-04-26T07:45:23.000Z","Sebagai kepala negara dan bukan ketua partai, Jokowi sangat sibuk berpolitik praktis memakai fasilitas negara. 

1. Memastikan ide besarnya tentang Indonesia (kalau ada) dilanjutkan?
2. Titip proyek? atau
3. Cari perlindungan hukum setelah lengser? 
https://t.co/0yIZgOXaAf","1651130336871587841","2010-06-26T17:35:47.000Z","Dandhy Laksono"
"2022-12-30T00:08:01.000Z","Syarat paling pas utk jadi Presiden 2024:

1 Punya Partai Besar

2 Kaya raya, shg tdk harus tergantung sana sini yg nanti berpotensi disandera Pemodal

3 Jendral, punya power, kharismatik, ditakuti lawan politik

Saya bicara  fakta, clear dan tegas,  bukan soal dukung-mendukung.","1608615856577339393","2022-03-13T01:43:06.000Z","Dokter Tifa"
"2022-12-29T10:22:51.000Z","Saya check on the spot  Laut Utara Jakarta hari ini.
Posisi saya di Pulau D, satu dari 17 Pulau Reklamasi yg sdg  gencar dibangun.

Tak ada jejak badai.
Tak ada bau2  luapan  air dari Es Kutub .

Di pulau2 Reklamasi ini, Global Climate Change mencair seperti Es Teh. https://t.co/SctSo8rI4u","1608408194518515714","2022-03-13T01:43:06.000Z","Dokter Tifa"
"2022-12-28T23:39:03.000Z","Presiden waktu berkunjung ke Cianjur menjanjikan per rumah rusak diganti Pemerintah Rp 50 juta.

Kalau tidak dipenuhi, ditagih sampai akhirat loh!

Harus ada yang mengingatkan. Kasihan nanti. https://t.co/VSysconPvf","1608246180374523905","2022-03-13T01:43:06.000Z","Dokter Tifa"
"2022-12-28T11:42:35.000Z","Saya ngga ikutan. Makanya twit kemarin saya  delete saja drpd ternyata dua-duanya nge hoax.

Yg jelas Jabodetabek hujan dan angin kencang seharian. Bbrp tempat pohon tumbang. Tapi blm sih kalau badai. 

Apakah anda bisa tambahkan laporan pandangan mata?

https://t.co/8QAaHMwrp3","1608065872362639366","2022-03-13T01:43:06.000Z","Dokter Tifa"
"2022-12-28T06:36:01.000Z","@Endriyw Betul. Beware.","1607988722318061570","2022-03-13T01:43:06.000Z","Dokter Tifa"
"2023-04-26T04:19:28.000Z","Hasil diskusi dg Ketua @DPDRI pak @LaNyallaMM1 di Sydney :
1) rakyat harus waspada thdp kebohongan para elit politik dan berharap para elit berhenti membohongi rakyat.
2) bhw kebenaran bisa disalahkan tapi kebenaran tdk bisa DIKALAHKAN
3) kedaulatan harus dikembalikan ke rakyat https://t.co/Ai1xLwUje8","1651078516300222464","2019-04-16T03:17:01.000Z","Muhammad Said Didu"
"2022-12-19T10:55:39.000Z","Ingkar janji ihwal ibu kota negara (IKN) tak hanya soal pembiayaan, tapi jugaÂ desainnya sejak awal. #KoranTempo https://t.co/dp9NIYIMAi","1604792574275121152","2009-02-16T04:49:52.000Z","Koran Tempo"
"2022-12-19T09:24:12.000Z","Kemampuan Pemerintah bangun IKN, diuji  dg  lambat dan bengkaknya pembangunan KICC.

Utk bangun satu proyek  Kereta tipe Super Modern saja bertahun2 tdk  rampung,

Bagaimana pula bangun Kota Ultra Modern dg Metaverse dan Mobil Terbang, di tengah hutan?

https://t.co/AEyACoJsNC","1604769558405218304","2022-03-13T01:43:06.000Z","Dokter Tifa"
"2023-04-26T00:53:51.000Z","Keren pak @ListyoSigitP pejabat publik yang mengancam rakyat harus di tindak dengan keras biar menjadi efek jera, sehingga para pejabat ga seenak udelnya ngomong ngancam rakyat di ruangÂ² publik, jangan pula akhirnya masalah ini di SP3, ingat publik akan mengawal kasus ini. https://t.co/e7Xzh3SOMS","1651026772417449984","2022-03-16T15:26:16.000Z","Nicho Silalahi"
"2023-04-26T03:45:39.000Z","Jujur ...3 orang hebat ini akan dahyat kalau tetap menjadi oposisi setelah 2019 âœŠ","1651070005835091968","2021-04-18T11:54:43.000Z","boediantara"
"2022-12-18T19:09:19.000Z","Maksudnya ini Lokomotif Kereta Cepat yang itu?

Kereta Cepat yg dananya bengkak itu? Yang dari China itu?

Kereta Cepat Jakarta- Bandung yg ngga berhenti di Bandung itu?

Kecelakaan? Tabrakan? Beneran?

https://t.co/waoCRfStZq","1604554418216906753","2022-03-13T01:43:06.000Z","Dokter Tifa"
"2022-12-18T05:13:31.000Z","Nyuwun pangapunten  pak Jokowi,  boten  lenggah wonteng ing IKN kemawon to  Pak?

Mangkenipun  wetawis 2024 rikala  Bapak lengser lak sampun dados kita  Metaverse, wonten kreta  mabur, waah endah ugi modern sanget lho.

Lha kok malah Colomadu to Pak?

https://t.co/JVYD7Oucim","1604344082901319681","2022-03-13T01:43:06.000Z","Dokter Tifa"
"2022-12-17T04:37:51.000Z","Saat ini mencari orang bicara kebenaran spt cari jarum di tumpukan jerami.

Tapi ada  indikator seseorang bicara kebenaran, adl:

Dia diserbu pembully dan buzzer,   atau akun dia disuspend atau banned.

Beware. 

Dia mungkin sedang menyampaikan kebenaran.","1603972720039178240","2022-03-13T01:43:06.000Z","Dokter Tifa"
"2022-12-17T04:09:53.000Z","Jumlah followers terus merosot.
Kehilangan 2.000+ dalam 24 jam.","1603965681829310465","2022-03-13T01:43:06.000Z","Dokter Tifa"
"2022-12-17T00:55:42.000Z","Pak Mentan, dr kapan harga  beras naik  bikin petani untung?

1) Petani lokal saat ini sdg musim tanam, bukan musim panen. 

2) Pemerintah impor 200ribu ton, 
Jd kl skrg  harga beras naik, yg untung yg impor &amp; makelarnya, bukan petani.

Gimana Mentan ini!

https://t.co/YjESEObhr9","1603916813804646401","2022-03-13T01:43:06.000Z","Dokter Tifa"
"2022-12-14T00:52:42.000Z","Jadi ini Catatan saya utk CAPRES 2024.

Calon pemilih anda, adl  rakyat  dg IQ rerata 78.

Yg di kepala mereka cuma: Makan, Main, Seks.

Jadi, tdk usah omong muluk2. 

Belajar saja joget Tiktok. Muka distel bloon.
Siapkan tas sembako dan amplop. 
Menang anda.

I'm serious.","1602828896747282433","2022-03-13T01:43:06.000Z","Dokter Tifa"
"2022-12-14T00:40:07.000Z","@HudanMuksin 2041","1602825729552822273","2022-03-13T01:43:06.000Z","Dokter Tifa"
"2022-12-14T00:39:39.000Z","Saya wonder, ternyata dlm 40 tahun, skor IQ manusia terdegradasi sd di level rerata pada negara2 tertentu, trmsk Indonesia, menjadi  selevel IQ Primata.

So, It must be by design.

Ketika manusia punya IQ begitu rendah,  akan mudah sekali dikendalikan.

https://t.co/HyDGemvOcJ","1602825612057792512","2022-03-13T01:43:06.000Z","Dokter Tifa"
"2022-12-14T00:33:48.000Z","Jadi kalau tiba2 ada Outbreak ini, KLB itu, Penyakit Misterius ini, Kasus Kematian massal mendadak itu.

Pembunuhan di luar batas, dan makin sering terjadi.

Segala hal aneh2 dan di luar pemikiran manusia. 

Ya begitulah.","1602824141316689920","2022-03-13T01:43:06.000Z","Dokter Tifa"
"2023-04-22T21:20:39.000Z","@Zaky_khans @jokowi Naini satire nya masupğŸ˜‚","1649885952729554944","2013-02-25T15:33:59.000Z","Call me SKğŸ"
"2023-04-22T21:20:11.000Z","@IshaqHerlangga @jokowi Baru deklarasi aja langsung pesta","1649885834928349184","2013-02-25T15:33:59.000Z","Call me SKğŸ"
"2022-11-21T10:10:42.000Z","Saya akan kirim file utuhnya jika Bapak berkenan mereformasi Dirjen Lapas.

Dari tempat ini pula banyak terjadi peristiwa jual beli online fiktif, penipuan berkedok asmara dengan para TKW, distribusi narkoba, dll.

Sudah muak dan kasihan rakyat jika praktik seperti ini terus ada.","1594634400746311681","2017-06-22T08:09:06.000Z","Papajon"
"2023-04-22T21:16:32.000Z","RT @ntoniusn: Pak Mahfud @mohmahfudmd teman saya warga binaan baru kirim pesan WA berisi gambar bahwa di salah 1 lapas ada pesta narkoba.â€¦","1649884918451937282","2013-02-25T15:33:59.000Z","Call me SKğŸ"
"2023-04-22T12:36:06.000Z","Bismillah
MENGHITUNG DONASI..
Sudah masuk hari ke delapan ratus enam puluh (860).
2 Syawal 1444H/
22 April 2023M (Sabtu)
Uang Donasi Km_50. Berapa total ?? https://t.co/frzBnw3lYC","1649753945982787585","2015-04-13T14:54:10.000Z","Tri Nugroho"
"2023-04-22T15:15:49.000Z","Jangan pernah permainkan suara rakyat.Suara rakyat itu,suara Tuhan.Kalo Tuhan sudah murka,apapun bisa terjadi.Soekarno tumbang karena rakyat murka, begitu juga Soeharto.Peristiwa Mei 1998,25 thn silam memberi pesan kpd penguasa manapun agar jangan pernah permainkan suaraâ€¦","1649794142543958016","2015-11-30T08:13:45.000Z","Benny K Harman"
"2023-04-25T10:08:16.000Z","""Sukses Jateng Untuk Indonesia""","1650803905494917120","2018-04-18T04:51:15.000Z","Loose GunSlinger"
"2022-11-09T22:18:34.000Z","Tambah lagi dagangan:
Kereta cepat
IKN
Bandara
Pelabuhan
Tanah
Hutan
Tambang
Orang buat Uji Klinis segala vaksin

Pokoknya hebat kali rezim ini.

Kata kodok. https://t.co/t0i5PqydIT","1590468917587480577","2022-03-13T01:43:06.000Z","Dokter Tifa"
"2022-11-09T08:30:07.000Z","Artinya:

52 persen pasien meninggal, sudah divaksin.

Jadi divaksin dan tidak divaksin, sama saja dong risiko meninggalnya, Pak. 

Malah lebih tinggi sedikit risikonya yg sudah divaksin toh. 

Belum dihitung risiko KIPVInya. 

https://t.co/hV89SkH3px","1590260431704457216","2022-03-13T01:43:06.000Z","Dokter Tifa"
"2022-11-09T01:00:18.000Z","Negara ini Darurat. Darurat Kebohongan.

Kebohongan demi kebohongan terus saja dilontarkan untuk meracuni pikiran dan akal sehat rakyat.

Grup SDT - PRO TRUTH saya dirikan utk menampung siapapun yg ingin mengimunisasi dirinya dr Virus Kebohongan yg memenuhi udara negeri ini.","1590147231164035072","2022-03-13T01:43:06.000Z","Dokter Tifa"
"2022-11-05T07:39:10.000Z","The people mad at you for speaking the truth 
are those whom  are living a lie.

Orang yang marah padamu karena mengatakan kebenaran adalah mereka yang hidupnya penuh kebohongan.","1588798059945037824","2022-03-13T01:43:06.000Z","Dokter Tifa"
"2022-11-05T05:10:59.000Z","Apa yg diframing sbg Teori Konspirasi, satu2 terbukti. 

Saya tentu bukan  orang yg bgt saja telan mentah2 apapun.

Saya riset seksama utk smp  simpulan, mana yg bs dipercaya, mana yg msk krnjang sampah. 

Siapapun  yg termakan propaganda, bhw Teori Konspirasi itu Hoax: kasihan! https://t.co/tOEgFNnXYQ","1588760767159234562","2022-03-13T01:43:06.000Z","Dokter Tifa"
"2022-11-01T05:31:44.000Z","Sudah ada contohnya. Presiden pertama 20 tahun. Presiden kedua 32 tahun. Kenapa ngga Presiden ke-7 bisa 35 tahun?  Apa yang ngga bisa di negara ini, sih.

Selama UUD bisa diamandemen. Selama itu pula kekuasaan bisa terus dipertahankan.","1587316438393847808","2022-03-13T01:43:06.000Z","Dokter Tifa"
"2022-11-01T05:29:13.000Z","Menggebu2nya bangun Istana di IKN adl tanda yg sulit dibantah bhw  ada yg berniat jadi raja selama mungkin. 

Ngga mungkin banget  rela cuma jadi tukang bikin istana. 

Berhasil 3 periode trs  saja  4 periode, trus 5, trus   6 pokoknya hrs sampai 2045. 

https://t.co/AUbjeB7BaW","1587315806840713219","2022-03-13T01:43:06.000Z","Dokter Tifa"
"2022-10-29T08:52:21.000Z","Selama nyawa masih ada di badan,

Saya tidak akan berhenti sampaikan Ilmu.

Saya tidak akan berhenti berikan  Peringatan.

Saya tidak akan berhenti teriakkan Kebenaran.","1586279761097416704","2022-03-13T01:43:06.000Z","Dokter Tifa"
"2022-10-27T11:10:10.000Z","Rakyat mengkritik itu tanda cinta dan peduli kpd  bangsa ini.

Ttp  otak buzzer &amp; cebong, setiap kritikan artinya membenci. 

Kalau Pemimpin  intelektualitasnya kurang, maka rakyat  yg bisa berpikir, hrs bantu beri masukan  apa yg terbaik, bukan mengiyakan &amp; menjilat saja.","1585589669202624512","2022-03-13T01:43:06.000Z","Dokter Tifa"
"2022-10-27T08:03:42.000Z","Sebetulnya orang kurang waras mana yang menyuntikkan ide pembangunan IKN, di tengah segala keterpurukan, badai kesulitan, hutang menggunung, pandemi tanpa akhir, banjir, naiknya BBM, Rupiah terpuruk?

Dan herannya 278 juta orang kicep, diam, bengong, melongo, semua jadi patung!","1585542743493087232","2022-03-13T01:43:06.000Z","Dokter Tifa"
"2022-10-24T12:38:15.000Z","Siapa saat ini yg layak anda percaya?

Yaitu: 
orang yg setiap posting apapun, selalu disebu Buzzer dan Haters. 

Gampang identifikasinya.

Mari kita lihat ada yg nongol ngga.","1584524673668493314","2022-03-13T01:43:06.000Z","Dokter Tifa"
"2022-10-23T16:22:10.000Z","Semua kekuasaan itu ada masa berlakunya.

Ada masa di mana kalian yang berkuasa, akan menjadi bukan siapa-siapa.","1584218635417325569","2022-03-13T01:43:06.000Z","Dokter Tifa"
"2022-10-23T02:14:19.000Z","Sekarang ini, yg bisa saya lakukan untuk anda  adalah: 

Memberi peringatan.

Anda percaya saya, ikuti.

Tidak percaya saya, tinggalkan.","1584005265816711170","2022-03-13T01:43:06.000Z","Dokter Tifa"
"2022-10-22T21:53:21.000Z","Poly etylene glycol (PEG) ada di vaksin C0V1D, bukan mrpk kontaminan, ttp mmg bahan eksisting yg ada di vaksin tsb, utama ditemukan pada vaksin tipe mRNA dan Adenovirus. 

Kenapa sirup obat yg dilarang? Vaksinnya juga dong. 

https://t.co/eIqjR6tl5e","1583939592616841216","2022-03-13T01:43:06.000Z","Dokter Tifa"
"2023-04-24T05:01:09.000Z","Biaran saja Bang, toh dia belum melakukan, jangan terlalu diramaikan takutnya ada yang kerjain, kasian ğŸ™ğŸ¼ğŸ™ğŸ¼

Niat jahat yang belum dilakukan tidak tercatat sebagai kesalahan

Sebaliknya Niat baik yang belum dilaksanakan sudah tercatat sebagai amal kebaikan ğŸ™ğŸ¼

Minal Aidin ğŸ™ğŸ¼ğŸ™ğŸ¼

.","1650364232549167105","2015-04-28T07:40:32.000Z","Helmi Felis"
"2023-04-23T14:53:18.000Z","MASIH INGAT KAH TRAGEDI 23 APRIL 2021 ???

Lebaran kedua pd tanggal 23 April 2023 yg seharusny kami jalani dgn suka cita, justru mnjdi lebaran yang cukup mmbuat hati kami sedih dn trauma krna brtepatan dgn kekejaman aparat yg merepresi warga Wadas dua tahun lalu pd 23 April 2021. https://t.co/8uqxtdyKpT","1650150860037718018","2019-09-11T03:14:05.000Z","Wadas Melawan"
"2023-04-24T00:48:28.000Z","@Lembayungsyahdu Apakabar @Lembayungsyahdu ? ğŸ¤­","1650300638620954625","2015-04-28T07:40:32.000Z","Helmi Felis"
"2023-04-24T00:46:43.000Z","@Lembayungsyahdu Ùˆ Ø¹Ù„ÙŠÙƒÙ… Ø§Ù„Ø³Ù„Ø§Ù…

Ù…Ù† Ø§Ù„Ø¹Ø§Ø¦Ø¯ÙŠÙ† Ø§Ù„ÙØ§Ø¦Ø²ÙŠÙ† Ø§Ù„Ù…Ù‚Ø¨ÙˆÙ„ÙŠÙ†
Â  Â Â Â Â  
Ø¹ÙŠØ¯ ÙØ·Ø± Ù…Ø¨Ø§Ø±Ùƒ

Â   ØªÙ‚Ø¨Ù„ Ø§Ù„Ù„Ù‡ Ù…Ù†Ø§ ÙˆÙ…Ù†ÙƒÙ… ØµØ§Ù„Ø­ Ø§Ù„Ø£Ø¹Ù…Ø§Ù„

ÙˆØªÙ‚Ø¨Ù„ Ø§Ù„Ù„Ù‡ Ù…Ù†Ø§ ÙˆÙ…Ù†ÙƒÙ… ÙˆØ±Ø¶ÙŠ Ø§Ù„Ù„Ù‡ Ø¹Ù†Ø§ Ùˆ Ø¹Ù†ÙƒÙ… Ùˆ Ø£Ø¹Ø§Ø¯ Ø§Ù„Ù„Ù‡ Ø¹Ù„ÙŠÙ†Ø§ Ùˆ Ø¹Ù„ÙŠÙƒÙ… Ø±Ù…Ø¶Ø§Ù† Ø³Ù†ÙˆØ§Øª Ø¹Ø¯ÙŠØ¯Ø© Ùˆ Ø£Ø¹ÙˆØ§Ù…Ø§ Ù…Ø¯ÙŠØ¯Ø© ÙÙŠ Ø®ÙŠØ± ÙˆØ®ÙŠØ±Ø§Øª Ùˆ Ø¹ÙˆØ§ÙÙŠ ÙˆÙ…Ø³Ø±Ø§Øª Ùˆ Ø³Ø§Ø¦Ù„Ø§ Ø§Ù„Ù…ÙˆÙ„Ù‰ Ø£Ù† ÙŠØ¬Ø¹Ù„ Ø£ÙŠØ§Ù…ÙƒÙ… ÙƒÙ„Ù‡Ø§","1650300199225679873","2015-04-28T07:40:32.000Z","Helmi Felis"
"2022-10-06T17:22:41.000Z","@Juli_Suryawan Lima orang yang berbeda.","1578073269684834304","2022-03-13T01:43:06.000Z","Dokter Tifa"
"2023-04-21T05:38:28.000Z","Jalan Rusak dan Hancur Seperti ini Banyak sekali DI KLATEN JAWA TENGAH

Terutama Daerah BETENG KARANGDOWO WEDI Masyarakat Daerah Tersebut sudah terbiasa dengan Jalan seperti ini

RETWEET ANDA SEMUA BISA JADI JALAN UNTUK  KLATEN LEBIH BAIK LAGI !!! https://t.co/M5vmn8r3HU","1649286459273236480","2019-05-28T09:59:49.000Z","CatatanAli7â„¢ï¸"
"2023-04-24T00:33:11.000Z","@papa_loren Siap Bang ğŸ™ğŸ¼","1650296794465853440","2015-04-28T07:40:32.000Z","Helmi Felis"
"2022-10-06T17:21:04.000Z","@yogied Itulah perlunya dia diangkat jadi Mensesneg. untuk mengurus semua surat dan dokumen yg diperlukan.","1578072861834874880","2022-03-13T01:43:06.000Z","Dokter Tifa"
"2022-10-06T17:19:51.000Z","@JokoBangun7 tepatnya bertengkar dengan teman yg terbelenggu dlm kehaluannya sendiri.","1578072557533925376","2022-03-13T01:43:06.000Z","Dokter Tifa"
"2023-04-22T00:54:55.000Z","@SasmojoN @jokowi Gitu yak?","1649577487721185280","2013-02-25T15:33:59.000Z","Call me SKğŸ"
"2023-04-24T00:32:06.000Z","@sinsansun___ Kenapa gak bilang dari dulu ceper. Bang @f_fathur liat nih ceper akhirnya ngaku  ğŸ˜¬ğŸ¤¦ğŸ»â€â™‚ï¸","1650296522691731456","2015-04-28T07:40:32.000Z","Helmi Felis"
"2022-10-06T17:18:21.000Z","@DepokGuide plak","1578072180335968256","2022-03-13T01:43:06.000Z","Dokter Tifa"
"2023-04-22T00:53:25.000Z","@cloudys_s @jokowi Hanya untuk bawahan dan rakyar lemah","1649577110590357504","2013-02-25T15:33:59.000Z","Call me SKğŸ"
"2023-04-24T00:29:49.000Z","@msaid_didu Ini bukan lagi soal Adab, ini soal iman, orang yang imannya tidak ada, musuhnya ya keberagamaan orang

Yang saya ingat PKI juga bukan orang beriman ğŸ™ğŸ¼

.","1650295948793487360","2015-04-28T07:40:32.000Z","Helmi Felis"
"2023-04-22T00:51:34.000Z","@trisenka @jokowi Mestinya Pemimpin bisa menjadi teladan. Tapi keliahatanya ingin memperlihatkan kekuasaanya","1649576644867411975","2013-02-25T15:33:59.000Z","Call me SKğŸ"
"2022-10-06T13:44:20.000Z","@JokoBangun7 kayaknya soalnya pada diam membisu","1578018320900829187","2022-03-13T01:43:06.000Z","Dokter Tifa"
"2023-04-24T00:21:00.000Z","Provokasi murahan... ğŸ˜…

Hati-hati, kekuatan itu bisa jadi kelemahan. Jangan terus di push ya please, mereka sudah mulai mainkan ğŸ™ğŸ¼

.","1650293728031145984","2015-04-28T07:40:32.000Z","Helmi Felis"
"2023-04-22T00:23:04.000Z","@wibisono1 Pake fasilitas negara untuk keperluan pribadi","1649569473337389056","2013-02-25T15:33:59.000Z","Call me SKğŸ"
"2023-04-24T00:18:28.000Z","@KayanaDuris Gak ada obatnya lu, udah susah, bodoh permanen ğŸ¤¦ğŸ»â€â™‚ï¸ğŸ¤¦ğŸ»â€â™‚ï¸ğŸ¤¦ğŸ»â€â™‚ï¸

.","1650293091562291201","2015-04-28T07:40:32.000Z","Helmi Felis"
"2023-04-22T00:21:24.000Z","@asasfuro @jokowi Kalo soprtif pake pesawat komersil toh.","1649569052942303232","2013-02-25T15:33:59.000Z","Call me SKğŸ"
"2022-10-06T12:00:47.000Z","@jprabo Cari pembanding yang sulit dibantah adalah: Cari ijazah Lulusan Fakultas Kehutanan UGM bulan lulus November tahun lulus 1985. Jangan Fakultas yang berbeda.","1577992262210191360","2022-03-13T01:43:06.000Z","Dokter Tifa"
"2023-04-21T10:49:54.000Z","@paidjo2018 ğŸ˜‚","1649364832804798464","2013-02-25T15:33:59.000Z","Call me SKğŸ"
"2022-10-06T11:50:22.000Z","@MasDjadoelMedan malah jadi alasan buat bikin lagi ijazah aspal.","1577989638429736960","2022-03-13T01:43:06.000Z","Dokter Tifa"
"2023-04-24T00:00:54.000Z","Buset berita tahun 2022
Wooii Orang Wadasnya masih demo tuh... ğŸ˜…

Ngibul aja kalian, yang menjunjung dan yang dijunjung sama aja, dasar buzzer tukang tipu...

.","1650288671596371968","2015-04-28T07:40:32.000Z","Helmi Felis"
"2023-04-21T04:24:37.000Z","@cloudys_s Kalo CD branded â€œBossâ€ bisa 1,5 juta/pcs. CD pria branded LV saya belum pernah lihat. Sepatu LV, Boss, Guci dan BALLY ori, memang bisa bikin otak jujur jadi korup.

Ini hanya gambar asli saja tampa editan, sebagai eksperimenğŸ¤£dari hasil keringat murni. https://t.co/WQeMythDes","1649267873058263040","2013-02-25T15:33:59.000Z","Call me SKğŸ"
"2023-04-23T23:53:38.000Z","@KayanaDuris Kamu mudah di bodohi ya ğŸ˜…

Oligarki itu sistem bukan individu. Hal dasar begitu saja kamu gak paham, pake mau komen disini ğŸ¤¦ğŸ»â€â™‚ï¸ğŸ˜…

.","1650286840275161090","2015-04-28T07:40:32.000Z","Helmi Felis"
"2023-04-20T22:48:06.000Z","RT @DokterAri: Di malam2 terakhir Ramadan ini saya berdoa Mudah2an tindakan2 represif seperti  ini tidak berlanjut yang akan memperkeruh keâ€¦","1649183184284971008","2013-02-25T15:33:59.000Z","Call me SKğŸ"
"2023-04-23T23:44:21.000Z","Gembar-gembornya Toleransi, kelakuannya ğŸ‘‡ğŸ½ğŸ˜…ğŸ˜…

.","1650284506425982977","2015-04-28T07:40:32.000Z","Helmi Felis"
"2023-04-25T01:57:22.000Z","Pengelola jalan tolnya gercep menanggapi pengaduan oknum partai pendukung pemerintah ...
Tanpa menyelidiki kebenaran klaim sepihaknya.. 
Kasihan pemilik warungnya ...","1650680367354101760","2021-04-18T11:54:43.000Z","boediantara"
"2022-10-01T01:13:11.000Z","""If everybody likes you, you have a problem.""

Kata quotes bijak.

Makanya,

Saya ngga  peduli kalian suka sama saya atau tidak. 

Benci saya atau tidak. 

Banyak yg benci Doktif, loh.  Bodo amat!

Yang  saya pedulikan adalah: 

Saya bicara benar kepada Anda.","1576017349727379456","2022-03-13T01:43:06.000Z","Dokter Tifa"
"2022-09-30T22:05:30.000Z","""Hi Doctor Tifa. Where are you come from?""

Indonesia.

""Owh, one of the poorest country, right?""

Adodoe malunya. 

Udahlah negara terkorup, termisqueen pulak. 

https://t.co/5WkhFsa6AU","1575970117942665217","2022-03-13T01:43:06.000Z","Dokter Tifa"
"2022-09-27T23:19:48.000Z","Dimana letak Pemerintah berpihak pada rakyat?

Cukup dg bangun jalan tol, bandara, pelabuhan, Kereta cepat, LRT  yg mangkrak dan akhirnya dijual satu-satu?

Ngga henti2nya bikin sengsara  rakyat! 

https://t.co/LGcY87PczI","1574901650049101824","2022-03-13T01:43:06.000Z","Dokter Tifa"
"2022-09-27T10:01:12.000Z","Yg SDH punya harta Rp 300T msh kurang juga, ikut nimbrung proyek kompor listrik.

Kenapa Pemerintah tdk prioritaskan pengusaha kecil UMKM utk disupport bikin kompor listrik?

Karena Pemerintah tdk pernah berpihak kpd rakyat kecil. 

https://t.co/oiJbkvlMrO","1574700677150158848","2022-03-13T01:43:06.000Z","Dokter Tifa"
"2022-09-18T11:33:09.000Z","Ini pertanda, masa pakaimu, Buzzer, tinggal menghitung hari.

Setelah Surya Paloh, bakal ada Boss Boss besar lagi yang buang badan dan lempar para Buzzer ini di jalanan.

Penggunaan Buzzer utk melanggengkan kekuasaan, adalah kejahatan  berat sekaligus cacat  sejarah negara ini. https://t.co/kKHiZ3QIxX","1571462324879523843","2022-03-13T01:43:06.000Z","Dokter Tifa"
"2023-04-23T02:37:51.000Z","@BudiWid42032126 Bisa 20.000 hutang Indonesia jangankan bayar hutang, ngurus hutangnya aja udah gak mampu ğŸ˜…

Jangan gila deh lu ğŸ¤¦ğŸ»â€â™‚ï¸ğŸ˜…ğŸ˜…

.","1649965780149346306","2015-04-28T07:40:32.000Z","Helmi Felis"
"2023-04-22T04:20:06.000Z","NETIZEN.!!

Kalian juga bisa menentukan kemana arah bangsa ini. Jangan diam.!

Mari kita suarakan kebenaran.! Lawan Rezim Buzzer ini

Suara kalian sangat menentukan, suara kalian adalah masa depan kalian

Lawan atau kalian akan hidup di negara yang rusak dari Hulu ke Hilir.!

âœŒğŸ½","1649629125391556608","2015-04-28T07:40:32.000Z","Helmi Felis"
"2023-04-30T03:47:42.000Z","Pejabat Otorita IKN Bakal Terapkan Smart Lighting di IKN 
#IbuKotaNegara
#IKNNusantara
#PindahIbuKota https://t.co/BdV9EIyelV","1652520075243700224","2021-02-03T11:47:47.000Z","Citra Purnama"
"2023-04-30T03:46:47.000Z","IKN Dikembangkan Dengan Konsep Smart City 
#IbuKotaNegara
#IKNNusantara
#PindahIbuKota https://t.co/gBhiZbwJzU","1652519843336421376","2021-02-03T11:47:47.000Z","Citra Purnama"
"2023-04-29T04:58:10.000Z","Konsep Kota Hutan Ala IKN Nusantara 
#IbuKotaNegara
#IKNNusantara
#PindahIbuKota https://t.co/RfPoKvx2Mr","1652175418026512389","2021-02-03T11:47:47.000Z","Citra Purnama"
"2023-04-29T04:56:44.000Z","Konsep Kota Hutan Ala IKN Nusantara 
#IbuKotaNegara
#IKNNusantara
#PindahIbuKota https://t.co/HZn1KumyD5","1652175057127604229","2021-02-03T11:47:47.000Z","Citra Purnama"
"2023-04-28T01:48:15.000Z","Kementerian PUPR Percepat Pembangunan Hunian Bagi ASN 
#IbuKotaNegara
#IKNNusantara
#PindahIbuKota https://t.co/pNwGT8AVtd","1651765235043434496","2021-02-03T11:47:47.000Z","Citra Purnama"
"2023-04-28T01:47:37.000Z","IKN Nusantara Terapkan Ekosistem Smart City
#IbuKotaNegara
#IKNNusantara
#PindahIbuKota https://t.co/xkM6K6LsQ3","1651765077136252928","2021-02-03T11:47:47.000Z","Citra Purnama"
"2023-04-27T02:34:12.000Z","Jerman Tertarik Berkolaborasi Dalam Pembangunan Hijau IKN 
#IbuKotaNegara
#IKNNusantara
#PindahIbuKota https://t.co/4LHqzxigdK","1651414411041722368","2021-02-03T11:47:47.000Z","Citra Purnama"
"2023-04-27T02:33:36.000Z","Jerman Tertarik Berkolaborasi Dalam Pembangunan Hijau IKN 
#IbuKotaNegara
#IKNNusantara
#PindahIbuKota https://t.co/tJBmnVYmiA","1651414263964262400","2021-02-03T11:47:47.000Z","Citra Purnama"
"2023-04-26T02:38:19.000Z","Pembangunan Kota Hutan IKN Dari Delegasi Kongres AS
#IbuKotaNegara
#IKNNusantara
#PindahIbuKota https://t.co/5qlNbkPWOK","1651053061123772416","2021-02-03T11:47:47.000Z","Citra Purnama"
"2023-04-26T02:37:48.000Z","Jokowi Komitmen Pertahankan Hutan Primer di Kawasan IKN 
#IbuKotaNegara
#IKNNusantara
#PindahIbuKota https://t.co/oUPTquVCMo","1651052932799004672","2021-02-03T11:47:47.000Z","Citra Purnama"
"2023-04-25T04:53:34.000Z","Presiden Instruksikan Fasilitas Pendidikan dan Kesehatan di IKN Nusantara Segera Dibangun 
#IbuKotaNegara
#IKNNusantara
#PindahIbuKota https://t.co/h7OvsMlunN","1650724710882349056","2021-02-03T11:47:47.000Z","Citra Purnama"
"2023-04-25T04:47:50.000Z","Presiden Instruksikan Fasilitas Pendidikan dan Kesehatan di IKN Nusantara Segera Dibangun 
#IbuKotaNegara
#IKNNusantara
#PindahIbuKota https://t.co/iv7vs0pTEm","1650723266884177922","2021-02-03T11:47:47.000Z","Citra Purnama"
"2023-04-24T02:52:42.000Z","Otorita IKN Tawarkan Peluang Kerja Sama Internasional di Hannover Messe 2023
#IbuKotaNegara
#IKNNusantara
#PindahIbuKota https://t.co/ROemaOeyGZ","1650331904170934272","2021-02-03T11:47:47.000Z","Citra Purnama"
"2023-04-24T02:52:09.000Z","Otorita IKN Kunjungi Markas Siemens di Berlin
#IbuKotaNegara
#IKNNusantara
#PindahIbuKota https://t.co/lfr2TSkk7o","1650331766291582980","2021-02-03T11:47:47.000Z","Citra Purnama"
"2023-04-23T07:22:35.000Z","182 Investor Minati Proyek Pembangunan IKN Nusantara 
#IbuKotaNegara
#IKNNusantara
#PindahIbuKota https://t.co/SrjnvTHbTk","1650037434745487360","2021-02-03T11:47:47.000Z","Citra Purnama"
"2023-04-23T07:22:08.000Z","182 Investor Minati Proyek Pembangunan IKN Nusantara 
#IbuKotaNegara
#IKNNusantara
#PindahIbuKota https://t.co/btPBqn6NTi","1650037321612554240","2021-02-03T11:47:47.000Z","Citra Purnama"
"2023-04-22T02:38:44.000Z","Mahfud MD Takjub Pembangunan IKN Capai 28 Persen
#IbuKotaNegara
#IKNNusantara
#PindahIbuKota https://t.co/sePSbzI0Zx","1649603614774808576","2021-02-03T11:47:47.000Z","Citra Purnama"
"2023-04-22T02:37:26.000Z","IKN Nusantara Kota Dunia Untuk Untuk Semua 
#IbuKotaNegara
#IKNNusantara
#PindahIbuKota https://t.co/mPpk2TrsLx","1649603285303820288","2021-02-03T11:47:47.000Z","Citra Purnama"
"2023-04-21T02:13:28.000Z","22 Tower Hunian Berteknologi Modular Untuk Pekerja Konstruksi di IKN Nusantara 
#IbuKotaNegara
#IKNNusantara
#PindahIbuKota https://t.co/lz75WZSMSk","1649234870043029506","2021-02-03T11:47:47.000Z","Citra Purnama"
"2023-04-21T02:10:50.000Z","22 Tower Hunian Berteknologi Modular Untuk Pekerja Konstruksi di IKN Nusantara 
#IbuKotaNegara
#IKNNusantara
#PindahIbuKota https://t.co/tpuEexu6h4","1649234203517812736","2021-02-03T11:47:47.000Z","Citra Purnama"
"2023-04-20T03:53:04.000Z","Paviliun Indonesia di Hannover Messe 2022 Pamerkan Tentang IKN Nusantara 
#IbuKotaNegara
#IKNNusantara
#PindahIbuKota https://t.co/kHi4mXYjU7","1648897547250073601","2021-02-03T11:47:47.000Z","Citra Purnama"
"2023-04-19T03:20:03.000Z","Mahfud MD Seketika Takjub Dalam Progres Pembangunan IKN Nusantara 
#IbuKotaNegara
#IKNNusantara
#PindahIbuKota https://t.co/7ofEUXGxi5","1648526850501804032","2021-02-03T11:47:47.000Z","Citra Purnama"
"2023-04-19T03:17:44.000Z","Progres Pembangunan Hunian Bagi ASN, TNI dan Polri di IKN Sudah Mencapai 26 Persen 
#IbuKotaNegara
#IKNNusantara
#PindahIbuKota https://t.co/LatKStcFgR","1648526266218455040","2021-02-03T11:47:47.000Z","Citra Purnama"
"2023-04-18T01:36:25.000Z","IKN Nusantara Dorong Investasi SDM dan Pertumbuhan Ekonomi Kalimantan Timur 
#IbuKotaNegara
#IKNNusantara
#PindahIbuKota https://t.co/raNe93yggQ","1648138381325656065","2021-02-03T11:47:47.000Z","Citra Purnama"
"2023-04-18T01:35:45.000Z","Minat Investor Pembangunan IKN Nusantara Sangat Tinggi 
#IbuKotaNegara
#IKNNusantara
#PindahIbuKota https://t.co/nMl7wUp2H2","1648138211879968768","2021-02-03T11:47:47.000Z","Citra Purnama"
"2023-04-17T02:41:18.000Z","167 Investor Berminat Investasi di IKN Nusantara 
#IbuKotaNegara
#IKNNusantara
#PindahIbuKota https://t.co/4iWLHrP4mj","1647792321608712192","2021-02-03T11:47:47.000Z","Citra Purnama"
"2023-04-17T02:40:25.000Z","167 Investor Berminat Investasi di IKN Nusantara 
#IbuKotaNegara
#IKNNusantara
#PindahIbuKota https://t.co/6ouA0FC0Yo","1647792098643685376","2021-02-03T11:47:47.000Z","Citra Purnama"
"2023-04-16T04:14:35.000Z","Menteri Basuki dan Menko Mahfud Tinjau Proges Pembangunan Infrastruktur IKN Nusantara 
#IbuKotaNegara
#IKNNusantara
#PindahIbuKota https://t.co/2mXtBNjWcz","1647453409333895169","2021-02-03T11:47:47.000Z","Citra Purnama"
"2023-04-16T04:13:49.000Z","Delegasi Kongres AS Aspirasi Pembangunan Hutan Kota di IKN
#IbuKotaNegara
#IKNNusantara
#PindahIbuKota https://t.co/PlIcwlL3WV","1647453214823022593","2021-02-03T11:47:47.000Z","Citra Purnama"
"2023-04-15T03:58:47.000Z","Mahfud MD Takjub Dengan Pesatnya Pembangunan IKN 
#IbuKotaNegara
#IKNNusantara
#PindahIbuKota https://t.co/ffKdpqpiGG","1647087045901430786","2021-02-03T11:47:47.000Z","Citra Purnama"
"2023-04-15T03:57:54.000Z","IKN Nusantara Adalah Kota Masa Depan
#IbuKotaNegara
#IKNNusantara
#PindahIbuKota https://t.co/Z7QkbEJnhT","1647086820981874689","2021-02-03T11:47:47.000Z","Citra Purnama"
"2023-04-14T03:53:43.000Z","Dukung IKN Nusantara Kaltim Siap Bersinergi Menjadi Mitra
#IbuKotaNegara
#IKNNusantara
#PindahIbuKota https://t.co/SW8ck5otok","1646723380694122497","2021-02-03T11:47:47.000Z","Citra Purnama"
"2023-04-14T03:53:11.000Z","Dua Investor Baru Siap Bangun Hubuan ASN di IKN 
#IbuKotaNegara
#IKNNusantara
#PindahIbuKota https://t.co/98hafpkrff","1646723247369756673","2021-02-03T11:47:47.000Z","Citra Purnama"
"2023-04-13T04:18:06.000Z","Perkembangan Pembangunan Fisik di IKN Sudah Capai 25%
#IbuKotaNegara
#IKNNusantara
#PindahIbuKota https://t.co/tWI3f1YmGo","1646367129837670400","2021-02-03T11:47:47.000Z","Citra Purnama"
"2023-04-13T04:16:59.000Z","Perkembangan Pembangunan Fisik di IKN Sudah Capai 25%
#IbuKotaNegara
#IKNNusantara
#PindahIbuKota https://t.co/e0ecBEra3U","1646366848831873024","2021-02-03T11:47:47.000Z","Citra Purnama"
"2023-04-12T02:30:19.000Z","Progres Pembangunan Istana Negara di IKN Nusantara 
#IbuKotaNegara
#IKNNusantara
#PindahIbuKota https://t.co/y7i0Bf8cf5","1645977619534598147","2021-02-03T11:47:47.000Z","Citra Purnama"
"2023-04-12T02:29:33.000Z","Otorita IKN Wujudkan Masyarakat Cakap Digital
#IbuKotaNegara
#IKNNusantara
#PindahIbuKota https://t.co/sR8KeMD4Ty","1645977426223304704","2021-02-03T11:47:47.000Z","Citra Purnama"
"2023-04-11T04:00:06.000Z","Wujudkan IKN Hijau, Menteri Bappenas Kunjungi Kebun Bibit
#IbuKotaNegara
#IKNNusantara
#PindahIbuKota https://t.co/Kz6M8OqZ1c","1645637826573377538","2021-02-03T11:47:47.000Z","Citra Purnama"
"2023-04-11T03:58:23.000Z","Dalam Pembangunan IKN, Pemerintah Membangun Ruang Hijau Terbuka Pun Perlu Perencanaan 
#IbuKotaNegara
#IKNNusantara
#PindahIbuKota https://t.co/B2YeHAZjaM","1645637393591193600","2021-02-03T11:47:47.000Z","Citra Purnama"
"2023-04-10T03:02:42.000Z","Ketua Gepak Kuning Tepis Isu Proyek IKN Pemicu Banjir di Sepaku 
#IbuKotaNegara
#IKNNusantara
#PindahIbuKota https://t.co/5FJCmYda6K","1645260992216199168","2021-02-03T11:47:47.000Z","Citra Purnama"
"2023-04-10T03:00:29.000Z","Capaian Pembangunan Fisik IKN Sudah 25 Persen 
#IbuKotaNegara
#IKNNusantara
#PindahIbuKota https://t.co/jcUcvfDz42","1645260435342630912","2021-02-03T11:47:47.000Z","Citra Purnama"
"2023-04-09T03:21:17.000Z","Pemerintah Ajak Masyarakat Dalam Pemilihan Logo IKN Nusantara 
#IbuKotaNegara
#IKNNusantara
#PindahIbuKota https://t.co/ajo4dHcKb6","1644903279598637058","2021-02-03T11:47:47.000Z","Citra Purnama"
"2023-04-29T13:37:39.000Z","Kasat Narkoba Polres Metro Jaktim Diduga Bunuh Diri di Rel Kereta Jatinegara Jakarta Timur https://t.co/C4QSDRXByg","1652306150807969793","2009-04-10T11:39:18.000Z","Ali Syarief"
"2023-04-30T21:24:45.000Z","Apa yang terlihat diluar, merupakan cermin dari apa yang ada didalam.","1652786090204626944","2013-02-25T15:33:59.000Z","Call me SKğŸ"
"2023-04-30T08:16:42.000Z","Sesat Pikir Jokowi Soal Oposisi

https://t.co/Mt0Rh3IyJu","1652587767443103746","2009-04-10T11:39:18.000Z","Ali Syarief"
"2023-04-30T01:06:52.000Z","Proyek Radikal Radikul Untuk Mengatasi isu:
1. 349 T di @KemenkeuRI 
2. Bandara Yang Jadi Tempat Foto Prawedding
3. Kereta Cepat Yang Gunakan APBN
4. Bangun Infrastruktur Untuk Ajang Korupsi
5. IKN Yang Over Subscribe
6. Subsidi Es Doger 71 M
7. Mobil Super Sonic Esemka
8. DLL
ğŸ˜œ","1652479597123076101","2022-03-16T15:26:16.000Z","Nicho Silalahi"
"2023-04-06T02:52:04.000Z","Delegasi Jepang Lirik IKN Untuk Jalin Kerja Sama 
#IbuKotaNegara
#IKNNusantara
#PindahIbuKota https://t.co/IO392FOddO","1643808763969937408","2021-02-03T11:47:47.000Z","Citra Purnama"
"2023-04-06T02:51:36.000Z","Delegasi Jepang Antusias Melihat Prospek dan Peluang Kerjasama Pembangunan IKN Nusantara 
#IbuKotaNegara
#IKNNusantara
#PindahIbuKota https://t.co/XeNEKst0kb","1643808646747545600","2021-02-03T11:47:47.000Z","Citra Purnama"
"2023-04-05T02:36:22.000Z","Dua Investor Baru Siap Bangun Hunian ASN di IKN
#IbuKotaNegara
#IKNNusantara
#PindahIbuKota https://t.co/98NR5L4L9I","1643442427200679936","2021-02-03T11:47:47.000Z","Citra Purnama"
"2023-04-29T01:38:14.000Z","@dp_koesmirah Sistem yg buruk","1652125102417510401","2009-04-10T11:39:18.000Z","Ali Syarief"
"2023-04-30T00:48:51.000Z","Satu persatu akan terbuka
Tunggu tanggal mainnya
Cc: Pak @msaid_didu
https://t.co/OX7feRHbOe","1652475062455504896","2011-09-19T04:12:00.000Z","S0EY0T0"
"2023-04-05T02:35:37.000Z","Dua Investor Baru Siap Bangun Hunian ASN di IKN
#IbuKotaNegara
#IKNNusantara
#PindahIbuKota https://t.co/EXfBVbBktT","1643442237580394496","2021-02-03T11:47:47.000Z","Citra Purnama"
"2023-04-30T02:30:39.000Z","Komjen Pol Drs. Dharma Pongrekun apa itu radikal dlm pengertian yg benar, bukan radikal spt jualannya para buzzer ceby pki ogeb yg jelas tujuannya memusuhi dan memecah belah islam, pki bilang agama adalah candu yg artinya komunis itu sangat benci dg agama (islam). https://t.co/6CM3bCGTFh","1652500681444696064","2022-12-16T03:32:27.000Z","ğ™ˆğ™–ğ™¡ğ™ğ™ ğ™– ğŸ‡®ğŸ‡©ğŸ‡µğŸ‡¸"
"2023-04-29T01:26:27.000Z","Otoritas Keamanan Pangan Taiwan Menyatakan Indomie Ayam Special Tidak Aman. Indofood Ngeyel Aman https://t.co/6DkZ2cGKMw","1652122140152565760","2009-04-10T11:39:18.000Z","Ali Syarief"
"2023-04-04T01:44:17.000Z","Tanggapan Akademisi UGM Terkait Strategi Percepatan Reforestasi Hutan Tropis IKN 
#IbuKotaNegara
#IKNNusantara
#PindahIbuKota https://t.co/gcEjyPc78d","1643066931484975106","2021-02-03T11:47:47.000Z","Citra Purnama"
"2023-04-30T02:14:44.000Z","@ZAEffendy Presiden sebagai petugas partai jilid 1 memberi penghargaan ke calon petugas partai ke 2 dr partai yg sama #ambyar","1652496679659261953","2021-04-18T11:54:43.000Z","boediantara"
"2023-04-29T01:22:15.000Z","BMKG Prakirakan Puncak Dan Berakhirnya Suhu Panas di Indonesia https://t.co/x5U2ydI0Qj","1652121080826564609","2009-04-10T11:39:18.000Z","Ali Syarief"
"2023-04-04T01:43:47.000Z","Republik Korea Dukung Pengembangan Teknologi Smart City di IKN 
#IbuKotaNegara
#IKNNusantara
#PindahIbuKota https://t.co/Wh5RRyjym3","1643066802493341696","2021-02-03T11:47:47.000Z","Citra Purnama"
"2023-04-29T11:42:58.000Z","Etika politiknya, Presiden jangan pernah endorse bacapres; Karena, fakta Prov Jateng: Termiskin kedua di P. Jawa dari 15 provinsi termiskin, dan Upah terrendah se-#Indonesia bisa seketika peroleh penghargaan â€œprovinsi berkinerja terbaik nasionalâ€ dari Pembantu Presiden?! #Nalar! https://t.co/TNt5hKFBzZ","1652277290255142914","2010-04-05T08:34:40.000Z","#KataNalar"
"2023-04-03T02:55:21.000Z","Menlu RI Bicarakan IKN di Korea Selatan 
#IbuKotaNegara
#IKNNusantara
#PindahIbuKota https://t.co/x9p3xVwKau","1642722428345540609","2021-02-03T11:47:47.000Z","Citra Purnama"
"2023-04-03T02:53:52.000Z","Pengusaha Jepang Kunjungi IKN Nusantara dan Lirik Potensi Investasi 
#IbuKotaNegara
#IKNNusantara
#PindahIbuKota https://t.co/dCN3vycEVB","1642722054960189441","2021-02-03T11:47:47.000Z","Citra Purnama"
"2023-04-02T03:47:15.000Z","IKN Nusantara Akan Memajukan Infrastruktur Digital di Kalimantan Timur 
#IbuKotaNegara
#IKNNusantara
#PindahIbuKota https://t.co/V1JIinymw3","1642373098765975553","2021-02-03T11:47:47.000Z","Citra Purnama"
"2023-04-29T22:48:16.000Z","Kriteria dalam penilaiannya apa kok bisa dapat penghargaan ?

Banjir berhari hari, lalu masih ada masalah Desa Wadas. UMP paling kecil, tingkat kemiskinan masih tinggi. 

Dimana bisa bilang Jateng jadi provinsi Berkinerja Terbaik Se-Indonesia â‰ï¸

#salamakalsehat https://t.co/in5ymaoYy9","1652444718486413312","2022-12-22T09:37:19.000Z","Hanoman Putih"
"2023-04-02T03:46:46.000Z","IKN Nusantara Era Baru Pembangunan Indonesia 
#IbuKotaNegara
#IKNNusantara
#PindahIbuKota https://t.co/HGorUjpINu","1642372977252794368","2021-02-03T11:47:47.000Z","Citra Purnama"
"2023-04-01T04:27:40.000Z","Pemerintah Akan Bangun Kereta di IKN 
#IbuKotaNegara
#IKNNusantara
#PindahIbuKota https://t.co/cc0mnf2jHc","1642020884683837441","2021-02-03T11:47:47.000Z","Citra Purnama"
"2023-04-30T01:55:03.000Z","@Yom_N_Friends Jadi ingat penghargaan ini https://t.co/dXDkWP5mhL","1652491723430567937","2021-04-18T11:54:43.000Z","boediantara"
"2023-04-01T04:26:56.000Z","Pemerintah Akan Bangun Kereta di IKN 
#IbuKotaNegara
#IKNNusantara
#PindahIbuKota https://t.co/z4XqZzWa4L","1642020697575952385","2021-02-03T11:47:47.000Z","Citra Purnama"
"2023-03-31T01:54:25.000Z","Pemerintah Akan Bangun Bandara VIP di IKN Nusantara
#IbuKotaNegara
#IKNNusantara
#PindahIbuKota https://t.co/3vasTQQ6bt","1641619928062263296","2021-02-03T11:47:47.000Z","Citra Purnama"
"2023-04-29T14:30:30.000Z","Ini benar-benar menjaga ormasnya. Tidak seperti ormas yang usul cawapres dari anggotanya. https://t.co/HZr1pjJsfq","1652319450178400257","2011-01-28T00:51:16.000Z","Noval Assegaf"
"2023-03-31T01:54:02.000Z","OIKN dan UNDP Sepakati Kerjasama Membangun IKN Nusantara 
#IbuKotaNegara
#IKNNusantara
#PindahIbuKota https://t.co/tFhwq6P8ry","1641619833849778176","2021-02-03T11:47:47.000Z","Citra Purnama"
"2023-04-29T04:17:22.000Z","Ketika buzzerRp &amp; Influencer sudah hadir mengawal sebuah kebijakan..

Disitu kita menjadi ragu,  
Apa benar RUU Omnibuslaw Kesehatan yg kesannya dipaksakan spt UU Ciptaker ini, benar membawa kebaikan utk rakyat ??

Alih - alih mengajak semua para akademisi &amp; stakeholder yg palingâ€¦ https://t.co/DGfDHeF9kY","1652165150043148288","2013-04-15T23:59:03.000Z","Eva Sri Diana Chaniago"
"2023-03-30T02:39:22.000Z","Harapan Masyarakat Terhadap Pembangunan IKN Nusantara 
#IbuKotaNegara
#IKNNusantara
#PindahIbuKota https://t.co/ViRr4gzccB","1641268850993008641","2021-02-03T11:47:47.000Z","Citra Purnama"
"2023-03-30T02:37:30.000Z","IKN Nusantara Merupakan Basis Ekonomi Baru
#IbuKotaNegara
#IKNNusantara
#PindahIbuKota https://t.co/yi1jaTKQQZ","1641268384560996352","2021-02-03T11:47:47.000Z","Citra Purnama"
"2023-03-29T02:18:29.000Z","Kerja Sama OIKN dan UNDP Bangun IKN Nusantara 
#IbuKotaNegara
#IKNNusantara
#PindahIbuKota https://t.co/cRdmwCOCzK","1640901208293654531","2021-02-03T11:47:47.000Z","Citra Purnama"
"2023-03-29T02:17:55.000Z","Kerja Sama OIKN dan UNDP Bangun IKN Nusantara 
#IbuKotaNegara
#IKNNusantara
#PindahIbuKota https://t.co/PfWHxJ3ARo","1640901065762807809","2021-02-03T11:47:47.000Z","Citra Purnama"
"2023-03-28T02:44:01.000Z","IKN Nusantara Pembangunan Bandara VIP
#IbuKotaNegara
#IKNNusantara
#PindahIbuKota https://t.co/LhSTACHkfM","1640545248119230464","2021-02-03T11:47:47.000Z","Citra Purnama"
"2023-03-28T02:43:11.000Z","Bandara VIP di IKN Mulai Dibangun Mei atau Juni 2023
#IbuKotaNegara
#IKNNusantara
#PindahIbuKota https://t.co/q7uKw0N34k","1640545037481283585","2021-02-03T11:47:47.000Z","Citra Purnama"
"2023-03-27T02:03:31.000Z","Otorita IKN Kerja Sama Dengan UNDP Bangun IKN Nusantara 
#IbuKotaNegara
#IKNNusantara
#PindahIbuKota https://t.co/20VsLb38lE","1640172666597556226","2021-02-03T11:47:47.000Z","Citra Purnama"
"2023-03-27T02:02:55.000Z","Otorita IKN Kerja Sama Dengan UNDP Bangun IKN Nusantara 
#IbuKotaNegara
#IKNNusantara
#PindahIbuKota https://t.co/rtAZbDDPAg","1640172517838176256","2021-02-03T11:47:47.000Z","Citra Purnama"
"2023-03-26T02:57:41.000Z","Pemerintah Akan Bangun Bandara VIP di IKN 
#IbuKotaNegara
#IKNNusantara
#PindahIbuKota https://t.co/Y3clVVDm3V","1639823909431422976","2021-02-03T11:47:47.000Z","Citra Purnama"
"2023-03-26T02:56:46.000Z","Pemerintah Berencana Bangun Bandara VIP, Jaraknya 10 Km Dari IKN Nusantara 
#IbuKotaNegara
#IKNNusantara
#PindahIbuKota https://t.co/T5JXMvEvnL","1639823678488854530","2021-02-03T11:47:47.000Z","Citra Purnama"
"2023-03-25T02:25:44.000Z","Korea Selatan Hibahkan Instalasi Pengolahan Air ke IKN Nusantara 
#IbuKotaNegara
#IKNNusantara
#PindahIbuKota https://t.co/v6ToUuk4hK","1639453481307365377","2021-02-03T11:47:47.000Z","Citra Purnama"
"2023-03-24T02:35:10.000Z","Semua Jalan Tol Baru di IKN Akan Terapkan MLFF
#IbuKotaNegara
#IKNNusantara
#PindahIbuKota https://t.co/UsDzU9xrsu","1639093467975655427","2021-02-03T11:47:47.000Z","Citra Purnama"
"2023-04-09T03:20:30.000Z","Pemerintah Ajak Masyarakat Dalam Pemilihan Logo IKN Nusantara 
#IbuKotaNegara
#IKNNusantara
#PindahIbuKota https://t.co/kF89vTVyWI","1644903083468795904","2021-02-03T11:47:47.000Z","Citra Purnama"
"2023-03-25T02:25:06.000Z","Korea Selatan Siap Investasi di IKN Nusantara 
#IbuKotaNegara
#IKNNusantara
#PindahIbuKota https://t.co/b761Sb1miM","1639453325203755010","2021-02-03T11:47:47.000Z","Citra Purnama"
"2023-03-24T02:36:53.000Z","Semua Jalan Tol Baru di IKN Akan Terapkan MLFF
#IbuKotaNegara
#IKNNusantara
#PindahIbuKota https://t.co/l3Na5Ag3eS","1639093899271753729","2021-02-03T11:47:47.000Z","Citra Purnama"
"2023-03-22T02:48:11.000Z","Bendungan Anti Banjir di IKN Segera Selesai 
#IbuKotaNegara
#IKNNusantara
#PindahIbuKota https://t.co/a1qNhdquel","1638371970738966528","2021-02-03T11:47:47.000Z","Citra Purnama"
"2023-04-29T08:23:09.000Z","Bahlil Bahlil katanya investor ingin pemimpin selanjutnya spt Jkw... 
Jkw SENDIRI menawarkan IKN saja sampai sekarang INVESTASI NIHIL 
Bahlil ... Bahlil ... https://t.co/6opP8KcesD","1652227003758829571","2021-04-18T11:54:43.000Z","boediantara"
"2023-03-21T03:47:44.000Z","Proyek IKN Nusantara Bikin Investor Singapura Terpincut
#IbuKotaNegara
#IKNNusantara
#PindahIbuKota https://t.co/iWCnZkBORQ","1638024568517558275","2021-02-03T11:47:47.000Z","Citra Purnama"
"2023-04-29T06:45:33.000Z","Provinsi Jawa Tengah
-urutan 2 prov termiskin di Pulau Jawa,
- masuk 15 besar prov termiskin,
- masuk 10 besar prov terkorup,
-urutan 3 prov paling banyak warga miskin,
- upah terendah se-Indonesia Raya ada di Jateng.

Diganjar sanksi âŒ
Diganjar sertifikat provinsi terbaik âœ…","1652202444426993665","2019-01-25T16:47:54.000Z","Alsa Papua"
"2023-04-29T02:53:19.000Z","IKN
Ada yg ngomong Januari sdh ada gedung
Ada yg SHOCK dan ngomong OVERSUBSRIBE
Tapi ..
Kata p Basuki sampai sekarang INVESTASI NIHIL 
Jadi buat apa bohong ??? https://t.co/axrRRyIe4t","1652143998964989953","2021-04-18T11:54:43.000Z","boediantara"
"2023-04-29T04:15:53.000Z","Selamat kepada para peserta yang lulus hingga tahapan akhir seleksi, serta terima kasih kepada seluruh putra-putri terbaik bangsa yang telah mengikuti rangkaian Seleksi Terbuka Pengisian Jabatan di Lingkungan OIKN. https://t.co/oInqQQTNbQ","1652164777714790400","2021-11-02T06:20:39.000Z","IKN_ID"
"2023-04-29T04:15:49.000Z","Otorita Ibu Kota Nusantara (OIKN) mengumumkan hasil Seleksi Terbuka Pengisian Jabatan Kepala Biro/Direktur di Lingkungan OIKN.

Informasi selengkapnya dapat diakses melalui laman ğŸ”—https://t.co/rKQzO2s5FR https://t.co/pK60F6SFMt","1652164763147960320","2021-11-02T06:20:39.000Z","IKN_ID"
"2023-04-20T05:07:10.000Z","â€œSiemens akan mendukung OIKN melalui Studi Bersama tentang kelayakan teknis dan komersial solusi kota pintar untuk ibu kota baru Indonesia, Nusantara,"" ungkap Lamine Jendoubi, President Director and CEO, PT Siemens Indonesia.","1648916193045250048","2021-11-02T06:20:39.000Z","IKN_ID"
"2023-04-20T05:07:09.000Z","Indra juga mengajak Siemens agar segera merencanakan untuk membuka kantor di IKN sebagai wujud keseriusan Siemens dalam kontribusinya bagi IKN.","1648916189714976768","2021-11-02T06:20:39.000Z","IKN_ID"
"2023-04-20T05:07:08.000Z","...didampingi oleh Head of Business Unit Energy Generation Siemens Indonesia Andilo Harahap.

Indra menyampaikan ucapan terima kasih atas ketertarikan Siemens Energy dalam pembangunan IKN dan berharap dapat melanjutkan kerjasama dan kolaborasi yang lebih konkrit ke depannya.","1648916186569248773","2021-11-02T06:20:39.000Z","IKN_ID"
"2023-04-20T05:07:08.000Z","Kunjungan delegasi Otorita IKN selama dua hari ini menunjukan langkah cepat OIKN dalam menindaklanjuti MoU dengan Siemens. Dalam kunjungan ini, delegasi OIKN diwakili oleh Direktur Investasi dan Kemudahan Berusaha Indra Yuwana dan Chief of Urban Design Vallin Tsarina,...","1648916183243186176","2021-11-02T06:20:39.000Z","IKN_ID"
"2023-04-20T05:07:07.000Z","Siemensstadt Square merupakan lokasi dimana Siemens mengembangkan open urban district yang menggabungkan work-research-live. Siemensstadt Square menerapkan digital twin city, smart building automation, dan data analytics dalam proses desain dan manajemen kota. https://t.co/EISbZfQRIA","1648916178746871808","2021-11-02T06:20:39.000Z","IKN_ID"
"2023-04-20T05:07:03.000Z","Pasca penandatanganan MoU antara Otorita Ibu Kota Nusantara (OIKN) dengan Siemens beberapa waktu lalu, delegasi OIKN mengunjungi Siemensstadt Square, pada Rabu (19/4/2023). https://t.co/Qos3nTaqmj","1648916163873873923","2021-11-02T06:20:39.000Z","IKN_ID"
"2023-04-14T01:57:32.000Z","Perwakilan Delegasi Anggota Kongres AS, mengapresiasi progres pembangunan IKN terutama rencana mempertahankan sekitar 2/3 kawasan tetap menjadi hutan adalah sebuah peluang besar. â€œIni adalah peluang untuk menciptakan sesuatu yang akan diperhatikan oleh seluruh dunia,â€ ungkapnya. https://t.co/bwahAs2AuN","1646694143127859200","2021-11-02T06:20:39.000Z","IKN_ID"
"2023-04-01T13:56:51.000Z","Otorita Ibu Kota Nusantara (OIKN) bersama Kementerian Pekerjaan Umum dan Perumahan Rakyat (PUPR) dampingi asosiasi pengusaha Jepang kunjungi lokasi pembangunan Ibu Kota Nusantara (IKN), pada Sabtu (1/4/2023). https://t.co/iCHYqJEPL8","1642164124351365120","2021-11-02T06:20:39.000Z","IKN_ID"
"2023-03-31T07:05:06.000Z","Penerapan prinsip PPLH merupakan salah satu upaya IKN untuk melestarikan serta mencegah terjadinya kerusakan lingkungan hidup.

Simak prinsip PPLH selengkapnya dalam info grafik berikut!

#KotaDuniauntukSemua #Nusantara #IbuKotaNegara #IKN #Indonesia https://t.co/7jCP8TKkOO","1641698115744071680","2021-11-02T06:20:39.000Z","IKN_ID"
"2023-03-11T10:07:48.000Z","Kepala Otorita IKN Bambang Susantono mengatakan bahwa terdapat tiga hal yang menjadi peran Unmul dalam upaya memperkuat pembangunan IKN.","1634496337109549056","2021-11-02T06:20:39.000Z","IKN_ID"
"2023-03-11T10:07:45.000Z","Agenda yang diselenggarakan di Hunian Pekerja Konstruksi (HPK) ini menjadi penandatanganan MoU pertama antara OIKN dengan perguruan tinggi yang berada di Kalimantan Timur sekaligus menjadi MoU pertama yang ditandatangani di lokasi IKN. https://t.co/JmXsczrGRm","1634496321905389569","2021-11-02T06:20:39.000Z","IKN_ID"
"2023-03-11T10:07:18.000Z","Otorita Ibu Kota Nusantara (IKN) dan Universitas Mulawarman (Unmul) menandatangani MoU perihal kerja sama pengembangan sumber daya manusia (SDM), riset, serta pemberdayaan masyarakat, pada Rabu (8/3/2023). https://t.co/sbEXXECaSO","1634496208420098054","2021-11-02T06:20:39.000Z","IKN_ID"
"2023-03-11T05:05:58.000Z","Otorita Ibu Kota Nusantara (OIKN) mengumumkan hasil seleksi administrasi pada seleksi terbuka Pegawai Pemerintah Non Pegawai Negeri (PPNPN) di Lingkungan OIKN.

Bagi peserta yang dinyatakan lulus dapat mengikuti tahapan Tes Potensi Akademik (TPA) dan psikotes. https://t.co/Jx0csHBgJ1","1634420377282805762","2021-11-02T06:20:39.000Z","IKN_ID"
"2023-03-11T03:22:55.000Z","Kepala Otorita IKN @bambangsusantono beserta jajaran mengucapkan selamat Hari Ulang Tahun Kabupaten Penajam Paser Utara ke-21.

""Penajam Paser Utara, Serambi Nusantara""
@pemkab_ppu

#KotaDuniauntukSemua #Nusantara #IbuKotaNegara #IKN #Indonesia
#HUTPPU","1634394445205622785","2021-11-02T06:20:39.000Z","IKN_ID"
"2023-03-03T09:43:09.000Z","Ibu Kota Nusantara (IKN) dirancang untuk menjadi kota berkelas dunia. Diharapkan IKN dapat menjadi ""pusat gravitasi"" ekonomi baru di Indonesia termasuk di kawasan tengah dan timur Indonesia. https://t.co/JW5PagPxs9","1631591030016425985","2021-11-02T06:20:39.000Z","IKN_ID"
"2023-03-02T09:17:03.000Z","...Ketua Satgas Pelaksanaan Pembangunan Infrastruktur IKN Danis Sumadilaga dan Dirjen Cipta Karya Kementerian PUPR Diana Kusumastuti.

#KotaDuniauntukSemua #Nusantara #IbuKotaNegara #IKN #Indonesia","1631222074982412288","2021-11-02T06:20:39.000Z","IKN_ID"
"2023-02-20T12:08:58.000Z","Sejak itu, roda ekonomi di wilayah sekitar IKN bergerak dengan cepat. Para pelaku usaha mikro kecil dan menengah (UMKM) kian merasakan dampak positifnya. 

Apa yang dirasakan oleh masyarakat di sekitar IKN? Simak selengkapnya pada slide berikut! âœ¨ https://t.co/S823fg2Y25","1627641458282098689","2021-11-02T06:20:39.000Z","IKN_ID"
"2023-02-20T12:08:48.000Z","Pembangunan infrastruktur dasar seperti, jalan tol, penyediaan air baku, rumah pekerja konstruksi telah dimulai di Ibu Kota Nusantara (IKN), Kabupaten Penajam Paser Utara, Kalimantan Timur pada 2022 lalu. https://t.co/CSst6XXlAG","1627641415831539713","2021-11-02T06:20:39.000Z","IKN_ID"
"2023-02-16T10:06:28.000Z","""Ini (IKN) banyak sekali disenangi oleh audience global, bahwa IKN Nusantara adalah the hope, harapan, tidak hanya untuk Indonesia tetapi juga dunia,"" kata Kepala Otorita IKN Bambang Susantono... https://t.co/lDGf8FCC1p","1626161078605578246","2021-11-02T06:20:39.000Z","IKN_ID"
"2023-02-16T10:06:21.000Z","Ibu Kota Nusantara (IKN) menjadi harapan bagi Indonesia dan dunia sebagai contoh kota yang dapat berdampingan dengan alam melalui konsep sustainable forest city dalam upaya menangani perubahan iklim. https://t.co/3Qi7slhcQW","1626161051053215744","2021-11-02T06:20:39.000Z","IKN_ID"
"2023-02-13T06:52:45.000Z","Menyikapi hal tersebut, perubahan UU IKN dipandang perlu dilakukan, yakni sebagai bentuk penguatan peraturan serta menjaga keselarasan kebijakan dalam rangka persiapan, pembangunan, pemindahan, serta penyelenggaraan Ibu Kota Negara.","1625025164827303936","2021-11-02T06:20:39.000Z","IKN_ID"
"2023-02-13T06:52:44.000Z","Seiring dengan masifnya pembangunan IKN, maka berdampak pada ketentuan dan/atau pasal dalam tubuh UU IKN. https://t.co/iFOrt8FYrJ","1625025160146485253","2021-11-02T06:20:39.000Z","IKN_ID"
"2023-02-13T06:52:37.000Z","Pembangunan Ibu Kota Nusantara (IKN) secara konsisten terus dilaksanakan sesuai dengan amanat Undang-Undang Nomor 3 Tahun 2022 tentang Ibu Kota Negara (UU IKN) dan Peraturan Presiden Nomor 63 Tahun 2022 tentang Perincian Rencana Induk IKN. https://t.co/KZB3Qyhu7z","1625025133265190912","2021-11-02T06:20:39.000Z","IKN_ID"
"","","","",""
"","","","",""
"","","","",""
"","","","",""
"","","","",""
"","","","",""
"","","","",""
"","","","",""
"","","","",""
"","","","",""
"","","","",""
"","","","",""
"","","","",""
"","","","",""
"","","","",""
"","","","",""
"","","","",""
"","","","",""
"","","","",""
"","","","",""
"","","","",""
"","","","",""
"","","","",""
"","","","",""
"","","","",""
"","","","",""
"","","","",""
"","","","",""
"","","","",""
"","","","",""
"","","","",""
"","","","",""
"","","","",""
"","","","",""
"","","","",""
"","","","",""
"","","","",""
"","","","",""
"","","","",""
"","","","",""
"","","","",""
"","","","",""
"","","","",""
"","","","",""
"","","","",""
"","","","",""
"","","","",""
"","","","",""
"","","","",""
"","","","",""
"","","","",""
"","","","",""
"","","","",""
"","","","",""
"","","","",""
"","","","",""
"","","","",""
"","","","",""
"","","","",""
"","","","",""
"","","","",""
"","","","",""
"","","","",""
"","","","",""
"","","","",""
"","","","",""
"","","","",""
"","","","",""
